brain_area,layer,condition,parameter,median_retention,n
AL,L23,contrast,0.25,0.0798654640837467,1673
AL,L23,contrast,0.5,0.3372651784452273,1673
AL,L23,contrast,0.75,0.7267126110979886,1673
AL,L23,contrast,1.25,1.1060452400139305,1673
AL,L23,contrast,1.5,1.1054011044413714,1673
AL,L23,contrast,2.0,1.0206840933704424,1673
AL,L23,rotation,2.0,1.0008032110524674,1673
AL,L23,rotation,5.0,0.9669873387075671,1673
AL,L23,rotation,10.0,0.8663029928974886,1673
AL,L23,rotation,15.0,0.7379076442588637,1673
AL,L23,rotation,30.0,0.3808374894822546,1673
AL,L23,rotation,60.0,0.1306353605747388,1673
AL,L23,rotation,90.0,0.0956075256424128,1673
AL,L23,slow_down,0.5,0.6660341152413982,1673
AL,L23,slow_down,0.67,0.7965897482264702,1673
AL,L23,slow_down,0.8,0.8743580470583987,1673
AL,L23,speed_up,1.25,0.9579043433320752,1673
AL,L23,speed_up,1.5,0.9202436234362456,1673
AL,L23,speed_up,2.0,0.8672539366684111,1673
AL,L23,temporal_reverse,-1.0,0.6996256070349998,1673
AL,L23,translation,1.0,0.9812787269865416,1673
AL,L23,translation,2.0,0.9348978473906988,1673
AL,L23,translation,4.0,0.8029285141137421,1673
AL,L23,translation,8.0,0.511419979076786,1673
AL,L23,translation,16.0,0.1796889278905924,1673
AL,L23,translation,32.0,0.060699717779916,1673
AL,L23,translation,48.0,0.0381689818621796,1673
AL,L4,contrast,0.25,0.0727987422150832,872
AL,L4,contrast,0.5,0.3391507088546454,872
AL,L4,contrast,0.75,0.7317922498932061,872
AL,L4,contrast,1.25,1.0979891783089606,872
AL,L4,contrast,1.5,1.1022265846075205,872
AL,L4,contrast,2.0,1.0042561832125578,872
AL,L4,rotation,2.0,1.0003090179069765,872
AL,L4,rotation,5.0,0.9635865401719347,872
AL,L4,rotation,10.0,0.8572270388338656,872
AL,L4,rotation,15.0,0.7230406863186122,872
AL,L4,rotation,30.0,0.36292401565210036,872
AL,L4,rotation,60.0,0.1121522743693977,872
AL,L4,rotation,90.0,0.07236483027658674,872
AL,L4,slow_down,0.5,0.7107951280573848,872
AL,L4,slow_down,0.67,0.8295065360297159,872
AL,L4,slow_down,0.8,0.8995772113450189,872
AL,L4,speed_up,1.25,0.9567837530417209,872
AL,L4,speed_up,1.5,0.9112026555013508,872
AL,L4,speed_up,2.0,0.8473581241731447,872
AL,L4,temporal_reverse,-1.0,0.675354099143074,872
AL,L4,translation,1.0,0.9800375888480828,872
AL,L4,translation,2.0,0.9315827646526095,872
AL,L4,translation,4.0,0.7943485200791602,872
AL,L4,translation,8.0,0.49031402833826987,872
AL,L4,translation,16.0,0.15899491492361195,872
AL,L4,translation,32.0,0.0482351722068639,872
AL,L4,translation,48.0,0.028503149589217652,872
AL,L5,contrast,0.25,0.0717589084286147,667
AL,L5,contrast,0.5,0.3335499255635563,667
AL,L5,contrast,0.75,0.73152580874948,667
AL,L5,contrast,1.25,1.0994782277327455,667
AL,L5,contrast,1.5,1.0983977447447124,667
AL,L5,contrast,2.0,0.993736814264979,667
AL,L5,rotation,2.0,1.0006677721734485,667
AL,L5,rotation,5.0,0.9665655893980276,667
AL,L5,rotation,10.0,0.8671103484601874,667
AL,L5,rotation,15.0,0.7395098776488009,667
AL,L5,rotation,30.0,0.3874220180617304,667
AL,L5,rotation,60.0,0.1300321244477665,667
AL,L5,rotation,90.0,0.0894231638772622,667
AL,L5,slow_down,0.5,0.7064545769839923,667
AL,L5,slow_down,0.67,0.8357187622967666,667
AL,L5,slow_down,0.8,0.90128726038382,667
AL,L5,speed_up,1.25,0.9492329403030922,667
AL,L5,speed_up,1.5,0.8976264645212167,667
AL,L5,speed_up,2.0,0.8271013738975954,667
AL,L5,temporal_reverse,-1.0,0.6650994554561934,667
AL,L5,translation,1.0,0.9811085494536752,667
AL,L5,translation,2.0,0.9357468599385124,667
AL,L5,translation,4.0,0.8075199529172622,667
AL,L5,translation,8.0,0.5177733840504811,667
AL,L5,translation,16.0,0.1805879783351749,667
AL,L5,translation,32.0,0.0535944166906713,667
AL,L5,translation,48.0,0.0294054347990595,667
LM,L23,contrast,0.25,0.1082023263577046,161
LM,L23,contrast,0.5,0.4240915053873613,161
LM,L23,contrast,0.75,0.8029268438288872,161
LM,L23,contrast,1.25,1.0411830238077333,161
LM,L23,contrast,1.5,0.9944035750048876,161
LM,L23,contrast,2.0,0.8657136197778763,161
LM,L23,rotation,2.0,0.9961464941868978,161
LM,L23,rotation,5.0,0.9558318251974928,161
LM,L23,rotation,10.0,0.8371997880942252,161
LM,L23,rotation,15.0,0.6810817142675603,161
LM,L23,rotation,30.0,0.3050833329504877,161
LM,L23,rotation,60.0,0.0916905360791187,161
LM,L23,rotation,90.0,0.0701621582823779,161
LM,L23,slow_down,0.5,0.8368690778012629,161
LM,L23,slow_down,0.67,0.9141530270390212,161
LM,L23,slow_down,0.8,0.9597347896585507,161
LM,L23,speed_up,1.25,0.9639391499820964,161
LM,L23,speed_up,1.5,0.9103895713801008,161
LM,L23,speed_up,2.0,0.838917895554081,161
LM,L23,temporal_reverse,-1.0,0.7519855687952954,161
LM,L23,translation,1.0,0.9814158202177584,161
LM,L23,translation,2.0,0.933350996473046,161
LM,L23,translation,4.0,0.795310189014226,161
LM,L23,translation,8.0,0.4850035366667936,161
LM,L23,translation,16.0,0.1617221636261307,161
LM,L23,translation,32.0,0.0659574286168891,161
LM,L23,translation,48.0,0.0501617455833009,161
LM,L4,contrast,0.25,0.1205629374949767,93
LM,L4,contrast,0.5,0.4491930369263737,93
LM,L4,contrast,0.75,0.8273776049381291,93
LM,L4,contrast,1.25,1.0097286942317123,93
LM,L4,contrast,1.5,0.9579381095376576,93
LM,L4,contrast,2.0,0.7451844225187423,93
LM,L4,rotation,2.0,0.9963775017789096,93
LM,L4,rotation,5.0,0.963919470695488,93
LM,L4,rotation,10.0,0.8651000033019087,93
LM,L4,rotation,15.0,0.7342459514669579,93
LM,L4,rotation,30.0,0.3511657235585744,93
LM,L4,rotation,60.0,0.0902958056915383,93
LM,L4,rotation,90.0,0.0594518803011055,93
LM,L4,slow_down,0.5,0.9134278791337798,93
LM,L4,slow_down,0.67,0.9633572960623606,93
LM,L4,slow_down,0.8,0.988966143543836,93
LM,L4,speed_up,1.25,0.9755119496671432,93
LM,L4,speed_up,1.5,0.9194558822883624,93
LM,L4,speed_up,2.0,0.8550218946698712,93
LM,L4,temporal_reverse,-1.0,0.773027313732166,93
LM,L4,translation,1.0,0.9829671629200736,93
LM,L4,translation,2.0,0.9384683737395972,93
LM,L4,translation,4.0,0.7977114289793925,93
LM,L4,translation,8.0,0.4691125121508772,93
LM,L4,translation,16.0,0.1609686807932746,93
LM,L4,translation,32.0,0.0641359439779884,93
LM,L4,translation,48.0,0.0494270344047457,93
LM,L5,contrast,0.25,0.0574485199112734,30
LM,L5,contrast,0.5,0.3699574450181234,30
LM,L5,contrast,0.75,0.7691633159158973,30
LM,L5,contrast,1.25,1.019919524941277,30
LM,L5,contrast,1.5,0.9630040501083833,30
LM,L5,contrast,2.0,0.8330718270129345,30
LM,L5,rotation,2.0,0.9957339270066302,30
LM,L5,rotation,5.0,0.9556806949825025,30
LM,L5,rotation,10.0,0.843567887139016,30
LM,L5,rotation,15.0,0.705228662612399,30
LM,L5,rotation,30.0,0.34942359052766364,30
LM,L5,rotation,60.0,0.10387694187608736,30
LM,L5,rotation,90.0,0.06739218474928255,30
LM,L5,slow_down,0.5,0.7739380626088742,30
LM,L5,slow_down,0.67,0.8767481635575871,30
LM,L5,slow_down,0.8,0.9305829658879989,30
LM,L5,speed_up,1.25,0.963564074063839,30
LM,L5,speed_up,1.5,0.9175615503428036,30
LM,L5,speed_up,2.0,0.8136491229327915,30
LM,L5,temporal_reverse,-1.0,0.7475735826786952,30
LM,L5,translation,1.0,0.9781276289589305,30
LM,L5,translation,2.0,0.9257538735284774,30
LM,L5,translation,4.0,0.7891393220671912,30
LM,L5,translation,8.0,0.5195755749793093,30
LM,L5,translation,16.0,0.1741033097364634,30
LM,L5,translation,32.0,0.046815693736934505,30
LM,L5,translation,48.0,0.023596589325841848,30
RL,L23,contrast,0.25,0.0877524286279167,5437
RL,L23,contrast,0.5,0.3426757979812686,5437
RL,L23,contrast,0.75,0.7373288285566791,5437
RL,L23,contrast,1.25,1.090898847232032,5437
RL,L23,contrast,1.5,1.0810697162032352,5437
RL,L23,contrast,2.0,0.96851933364231,5437
RL,L23,rotation,2.0,0.9996831536866784,5437
RL,L23,rotation,5.0,0.9624337432891352,5437
RL,L23,rotation,10.0,0.8522183885675279,5437
RL,L23,rotation,15.0,0.714973507421294,5437
RL,L23,rotation,30.0,0.3495800506129672,5437
RL,L23,rotation,60.0,0.1099710617370919,5437
RL,L23,rotation,90.0,0.0796624061384349,5437
RL,L23,slow_down,0.5,0.6787669190815596,5437
RL,L23,slow_down,0.67,0.8023503691126364,5437
RL,L23,slow_down,0.8,0.8777656100759176,5437
RL,L23,speed_up,1.25,0.960975532872278,5437
RL,L23,speed_up,1.5,0.9232369324271996,5437
RL,L23,speed_up,2.0,0.869298004295858,5437
RL,L23,temporal_reverse,-1.0,0.7050845258744192,5437
RL,L23,translation,1.0,0.9823177946727352,5437
RL,L23,translation,2.0,0.9374577636023348,5437
RL,L23,translation,4.0,0.807362580088774,5437
RL,L23,translation,8.0,0.5140467728967768,5437
RL,L23,translation,16.0,0.1815829659470715,5437
RL,L23,translation,32.0,0.0676461814693367,5437
RL,L23,translation,48.0,0.0458980397938239,5437
RL,L4,contrast,0.25,0.0872084212434455,2666
RL,L4,contrast,0.5,0.3559947128432487,2666
RL,L4,contrast,0.75,0.7431653407285896,2666
RL,L4,contrast,1.25,1.0891982866975434,2666
RL,L4,contrast,1.5,1.0793628891111222,2666
RL,L4,contrast,2.0,0.97329891399323,2666
RL,L4,rotation,2.0,0.9996155242162096,2666
RL,L4,rotation,5.0,0.9626429951842216,2666
RL,L4,rotation,10.0,0.8532119654184315,2666
RL,L4,rotation,15.0,0.7141672217380968,2666
RL,L4,rotation,30.0,0.3427170381701808,2666
RL,L4,rotation,60.0,0.0994107512580618,2666
RL,L4,rotation,90.0,0.06553240998969405,2666
RL,L4,slow_down,0.5,0.7569519550552339,2666
RL,L4,slow_down,0.67,0.8565091851975941,2666
RL,L4,slow_down,0.8,0.9116744338644487,2666
RL,L4,speed_up,1.25,0.9612241207429051,2666
RL,L4,speed_up,1.5,0.919242671676411,2666
RL,L4,speed_up,2.0,0.8640492786426719,2666
RL,L4,temporal_reverse,-1.0,0.7086175426505302,2666
RL,L4,translation,1.0,0.9814483861887321,2666
RL,L4,translation,2.0,0.9348601359185721,2666
RL,L4,translation,4.0,0.7999073583879127,2666
RL,L4,translation,8.0,0.4971377296214838,2666
RL,L4,translation,16.0,0.16385145890457153,2666
RL,L4,translation,32.0,0.05542012383342155,2666
RL,L4,translation,48.0,0.03644801628995635,2666
RL,L5,contrast,0.25,0.07799365870716335,1736
RL,L5,contrast,0.5,0.3229992009434659,1736
RL,L5,contrast,0.75,0.716866098188125,1736
RL,L5,contrast,1.25,1.116769419034359,1736
RL,L5,contrast,1.5,1.1293277644873747,1736
RL,L5,contrast,2.0,1.0461948650212727,1736
RL,L5,rotation,2.0,1.0009589638313363,1736
RL,L5,rotation,5.0,0.9669072106979645,1736
RL,L5,rotation,10.0,0.8670815753086545,1736
RL,L5,rotation,15.0,0.7396349393819492,1736
RL,L5,rotation,30.0,0.3833473292511787,1736
RL,L5,rotation,60.0,0.12393162223024085,1736
RL,L5,rotation,90.0,0.08171394619289735,1736
RL,L5,slow_down,0.5,0.7036231397629966,1736
RL,L5,slow_down,0.67,0.8214371135344465,1736
RL,L5,slow_down,0.8,0.891356514445,1736
RL,L5,speed_up,1.25,0.9566701284321917,1736
RL,L5,speed_up,1.5,0.914450778990699,1736
RL,L5,speed_up,2.0,0.8565704423033966,1736
RL,L5,temporal_reverse,-1.0,0.6937926852977229,1736
RL,L5,translation,1.0,0.9837712025519179,1736
RL,L5,translation,2.0,0.9424486626519715,1736
RL,L5,translation,4.0,0.8230610012293347,1736
RL,L5,translation,8.0,0.5456820270928735,1736
RL,L5,translation,16.0,0.199986539514142,1736
RL,L5,translation,32.0,0.063356046400441,1736
RL,L5,translation,48.0,0.040310312892690395,1736
V1,L23,contrast,0.25,0.063245575931645,13627
V1,L23,contrast,0.5,0.3873546625528713,13627
V1,L23,contrast,0.75,0.7949790714710149,13627
V1,L23,contrast,1.25,1.03303895347134,13627
V1,L23,contrast,1.5,0.9840888907045976,13627
V1,L23,contrast,2.0,0.8550247696089786,13627
V1,L23,rotation,2.0,0.9973884714237032,13627
V1,L23,rotation,5.0,0.9580093341572667,13627
V1,L23,rotation,10.0,0.841726216219582,13627
V1,L23,rotation,15.0,0.6964695227487883,13627
V1,L23,rotation,30.0,0.3164600447119946,13627
V1,L23,rotation,60.0,0.0827521071270289,13627
V1,L23,rotation,90.0,0.055841791242233,13627
V1,L23,slow_down,0.5,0.8136132023134177,13627
V1,L23,slow_down,0.67,0.9058604439845412,13627
V1,L23,slow_down,0.8,0.951899860740946,13627
V1,L23,speed_up,1.25,0.9474167377582464,13627
V1,L23,speed_up,1.5,0.8761848036808854,13627
V1,L23,speed_up,2.0,0.7754300397740426,13627
V1,L23,temporal_reverse,-1.0,0.6872896787448748,13627
V1,L23,translation,1.0,0.9768608921008716,13627
V1,L23,translation,2.0,0.9211097003850116,13627
V1,L23,translation,4.0,0.7659144867215494,13627
V1,L23,translation,8.0,0.4359970214468281,13627
V1,L23,translation,16.0,0.1169334678647663,13627
V1,L23,translation,32.0,0.0279177821152137,13627
V1,L23,translation,48.0,0.0149597588023436,13627
V1,L4,contrast,0.25,0.08321567466294184,8072
V1,L4,contrast,0.5,0.4522691880500725,8072
V1,L4,contrast,0.75,0.8416014284099225,8072
V1,L4,contrast,1.25,0.9968791269154702,8072
V1,L4,contrast,1.5,0.9269433177747669,8072
V1,L4,contrast,2.0,0.7883161333294615,8072
V1,L4,rotation,2.0,0.9961773513955118,8072
V1,L4,rotation,5.0,0.9583567537583326,8072
V1,L4,rotation,10.0,0.8443559417260644,8072
V1,L4,rotation,15.0,0.6998299666990069,8072
V1,L4,rotation,30.0,0.31604222574507757,8072
V1,L4,rotation,60.0,0.07428268601309909,8072
V1,L4,rotation,90.0,0.0448477328034937,8072
V1,L4,slow_down,0.5,0.8952394924325247,8072
V1,L4,slow_down,0.67,0.9568548167043212,8072
V1,L4,slow_down,0.8,0.9828150668860824,8072
V1,L4,speed_up,1.25,0.958520305047377,8072
V1,L4,speed_up,1.5,0.893246069334727,8072
V1,L4,speed_up,2.0,0.8153129423210637,8072
V1,L4,temporal_reverse,-1.0,0.7113773050455939,8072
V1,L4,translation,1.0,0.9756372152156234,8072
V1,L4,translation,2.0,0.9150161222948084,8072
V1,L4,translation,4.0,0.7420962255787134,8072
V1,L4,translation,8.0,0.391509303775709,8072
V1,L4,translation,16.0,0.09342717820302875,8072
V1,L4,translation,32.0,0.025965042267616548,8072
V1,L4,translation,48.0,0.0161807828265189,8072
V1,L5,contrast,0.25,0.0672908248934762,3347
V1,L5,contrast,0.5,0.3941722789913703,3347
V1,L5,contrast,0.75,0.7925448114782336,3347
V1,L5,contrast,1.25,1.0475931403939052,3347
V1,L5,contrast,1.5,1.019151972166232,3347
V1,L5,contrast,2.0,0.9230312441502168,3347
V1,L5,rotation,2.0,0.9989109317576408,3347
V1,L5,rotation,5.0,0.9668239025921642,3347
V1,L5,rotation,10.0,0.8698051675362259,3347
V1,L5,rotation,15.0,0.7453145258434994,3347
V1,L5,rotation,30.0,0.3897413504774568,3347
V1,L5,rotation,60.0,0.1242387519938847,3347
V1,L5,rotation,90.0,0.0838722171949834,3347
V1,L5,slow_down,0.5,0.8293786286796768,3347
V1,L5,slow_down,0.67,0.9205154083489204,3347
V1,L5,slow_down,0.8,0.963018294112318,3347
V1,L5,speed_up,1.25,0.9527089191254444,3347
V1,L5,speed_up,1.5,0.8835239784691281,3347
V1,L5,speed_up,2.0,0.784017959737387,3347
V1,L5,temporal_reverse,-1.0,0.7117395921258922,3347
V1,L5,translation,1.0,0.9818210197245072,3347
V1,L5,translation,2.0,0.937735570583631,3347
V1,L5,translation,4.0,0.8125701126395541,3347
V1,L5,translation,8.0,0.5209006186398637,3347
V1,L5,translation,16.0,0.1690632022848206,3347
V1,L5,translation,32.0,0.0362288811943746,3347
V1,L5,translation,48.0,0.0166910322243493,3347
