filter,family,brain_area,n_area,n_v1,contrast_vs_v1,ci_low,ci_high,bootstrap_replicates
all,contrast,LM,13283,75497,0.014883008869627123,0.011098833524455547,0.01796845654300129,5000
all,contrast,RL,11232,75497,0.03772929489219701,0.034176541501169985,0.04118513149923807,5000
all,contrast,AL,4159,75497,0.049530555598304105,0.04474941682185053,0.05527715549623085,5000
all,rotation,LM,13283,75497,0.004862020780822318,0.0019652835603161003,0.00741248193388952,5000
all,rotation,RL,11232,75497,0.007761784943438488,0.004800573471603858,0.010570301624185548,5000
all,rotation,AL,4159,75497,0.024398714156070866,0.019629489964552695,0.0285010099057126,5000
all,translation,LM,13283,75497,0.0609204667314715,0.057359798834699355,0.06384731508339038,5000
all,translation,RL,11232,75497,0.08378715766530037,0.08013790840532369,0.08761548393790368,5000
all,translation,AL,4159,75497,0.07991213052817353,0.07390922020288826,0.08553691783461219,5000
all,temporal_reverse,LM,13283,75497,-0.005039030824760982,-0.00794867087402847,-0.0023857297119191986,5000
all,temporal_reverse,RL,11232,75497,0.009160658504649422,0.0064553316841585995,0.011947845905831964,5000
all,temporal_reverse,AL,4159,75497,-0.0029338165318909537,-0.007602460255321519,0.0010169251116267828,5000
all,speed_up,LM,13283,75497,0.0199723837855581,0.01836894967719296,0.021672598483085,5000
all,speed_up,RL,11232,75497,0.036297538621914094,0.03423800745984218,0.03823321559290706,5000
all,speed_up,AL,4159,75497,0.03213987103717364,0.02904904124360356,0.03523779672441839,5000
all,slow_down,LM,13283,75497,-0.052847637599905406,-0.055374690375711216,-0.05039475148998644,5000
all,slow_down,RL,11232,75497,-0.10011454845836454,-0.1035433216121533,-0.09742337384421858,5000
all,slow_down,AL,4159,75497,-0.09904188266712022,-0.10281598524957634,-0.0951322921373176,5000
original_ge_q05,contrast,LM,12323,72908,0.010829368937193218,0.00771104012913397,0.014596952846176982,5000
original_ge_q05,contrast,RL,9871,72908,0.023751680715391466,0.01938522969518399,0.028453497471291774,5000
original_ge_q05,contrast,AL,3861,72908,0.046406227395305644,0.040599318123873906,0.05206058484074413,5000
original_ge_q05,rotation,LM,12323,72908,-0.0002679246577077521,-0.0032168560073493778,0.002670929642151658,5000
original_ge_q05,rotation,RL,9871,72908,-0.0032680472567225838,-0.0064746951003835625,-0.000449630190127157,5000
original_ge_q05,rotation,AL,3861,72908,0.0205791936109333,0.015917267018695967,0.02502433214423891,5000
original_ge_q05,translation,LM,12323,72908,0.056148210391618714,0.052846237368134895,0.05945768368503624,5000
original_ge_q05,translation,RL,9871,72908,0.07235347739932335,0.06836152912366879,0.07596362975365827,5000
original_ge_q05,translation,AL,3861,72908,0.07456790024688131,0.06896919088780931,0.08063498290617324,5000
original_ge_q05,temporal_reverse,LM,12323,72908,-0.00920880284371739,-0.011649022885747911,-0.0065650141509612575,5000
original_ge_q05,temporal_reverse,RL,9871,72908,0.00013963407248684945,-0.0030741388794977677,0.002806828748359973,5000
original_ge_q05,temporal_reverse,AL,3861,72908,-0.00850406072848553,-0.013947273220047091,-0.0033019465684471067,5000
original_ge_q05,speed_up,LM,12323,72908,0.018553489769383313,0.01696532488350231,0.020576849038551972,5000
original_ge_q05,speed_up,RL,9871,72908,0.031574431402969005,0.029346916049916974,0.03338118138321052,5000
original_ge_q05,speed_up,AL,3861,72908,0.030114389274997655,0.026581191707080152,0.03283789664159885,5000
original_ge_q05,slow_down,LM,12323,72908,-0.05674071302005823,-0.059436460879064026,-0.054345633898895115,5000
original_ge_q05,slow_down,RL,9871,72908,-0.10629415865723979,-0.10914375081187312,-0.10308321912250698,5000
original_ge_q05,slow_down,AL,3861,72908,-0.10125953169429569,-0.10548483655396006,-0.09721339768627552,5000
original_ge_q10,contrast,LM,11491,69886,0.009639105594482,0.0057137387701495955,0.012955778150048511,5000
original_ge_q10,contrast,RL,8827,69886,0.018039062936829886,0.013896794382412713,0.021509343557891233,5000
original_ge_q10,contrast,AL,3550,69886,0.04558975297591927,0.040230829545232175,0.05090828620878546,5000
original_ge_q10,rotation,LM,11491,69886,-0.0033400991200809305,-0.006413338871035906,-0.0003602748190785007,5000
original_ge_q10,rotation,RL,8827,69886,-0.009937596187176378,-0.01316767142429553,-0.006688966826150729,5000
original_ge_q10,rotation,AL,3550,69886,0.01710890145765176,0.01331398749002979,0.021563681871696282,5000
original_ge_q10,translation,LM,11491,69886,0.054403950654639766,0.05130221541698434,0.05720236423410452,5000
original_ge_q10,translation,RL,8827,69886,0.0643766617034307,0.060957168701744,0.06852261544025959,5000
original_ge_q10,translation,AL,3550,69886,0.07140887506354876,0.06623681405307394,0.07697230719966934,5000
original_ge_q10,temporal_reverse,LM,11491,69886,-0.011334296157912926,-0.014186915106253462,-0.00888173028213185,5000
original_ge_q10,temporal_reverse,RL,8827,69886,-0.0057059721152906695,-0.009014071548498407,-0.002871153531895913,5000
original_ge_q10,temporal_reverse,AL,3550,69886,-0.013808235645617506,-0.018749280351670432,-0.008195117832091108,5000
original_ge_q10,speed_up,LM,11491,69886,0.01727498157381624,0.015232991562275264,0.019247906435246438,5000
original_ge_q10,speed_up,RL,8827,69886,0.027823840681330148,0.02567928873882695,0.029929769569693395,5000
original_ge_q10,speed_up,AL,3550,69886,0.027294264059885553,0.024004669179836482,0.030807978713284362,5000
original_ge_q10,slow_down,LM,11491,69886,-0.058906963888710195,-0.06147871985935889,-0.05606887072166246,5000
original_ge_q10,slow_down,RL,8827,69886,-0.10800115918963027,-0.11140186462634549,-0.1048860852093071,5000
original_ge_q10,slow_down,AL,3550,69886,-0.10337261061737824,-0.1072893293004345,-0.09924373613506708,5000
original_ge_q25,contrast,LM,9100,59888,0.007113942856502242,0.002780497289357267,0.01077461597464406,5000
original_ge_q25,contrast,RL,6450,59888,0.00992797651367816,0.004330920079422212,0.015803340724607266,5000
original_ge_q25,contrast,AL,2691,59888,0.04133520312871919,0.03223261052417769,0.04775597742689285,5000
original_ge_q25,rotation,LM,9100,59888,-0.00975391438968587,-0.01312844719727099,-0.00652057442948305,5000
original_ge_q25,rotation,RL,6450,59888,-0.02174837429694454,-0.025495291065239643,-0.0184556189652812,5000
original_ge_q25,rotation,AL,2691,59888,0.010989646410807463,0.006300761490996898,0.015371799176236257,5000
original_ge_q25,translation,LM,9100,59888,0.05168686085658919,0.04784436092253049,0.05531834500931621,5000
original_ge_q25,translation,RL,6450,59888,0.05428599097101794,0.050292231681949885,0.05819749890404538,5000
original_ge_q25,translation,AL,2691,59888,0.06720046389280315,0.06035810783848107,0.0740558609434278,5000
original_ge_q25,temporal_reverse,LM,9100,59888,-0.016579954004314,-0.019630002153889044,-0.013628667949686837,5000
original_ge_q25,temporal_reverse,RL,6450,59888,-0.015578288560108011,-0.019240598514779918,-0.011804720884984191,5000
original_ge_q25,temporal_reverse,AL,2691,59888,-0.022848003221301427,-0.02694742469392025,-0.017959910845999447,5000
original_ge_q25,speed_up,LM,9100,59888,0.012374919470843793,0.010415759169751931,0.014659573559226707,5000
original_ge_q25,speed_up,RL,6450,59888,0.02182803998703131,0.01970369249873424,0.024419809459410042,5000
original_ge_q25,speed_up,AL,2691,59888,0.020515362213710087,0.01668510653289709,0.024237852905057925,5000
original_ge_q25,slow_down,LM,9100,59888,-0.06255820683605773,-0.06518055921090626,-0.05974208697102766,5000
original_ge_q25,slow_down,RL,6450,59888,-0.10894827509841898,-0.11296872100068664,-0.10458435582658776,5000
original_ge_q25,slow_down,AL,2691,59888,-0.10603721154166523,-0.11056346168407179,-0.10106364902922176,5000
cc_ge_0.3,contrast,LM,12106,68665,0.015926641641592076,0.012193084288633022,0.019111365287453195,5000
cc_ge_0.3,contrast,RL,9747,68665,0.03956801504988228,0.03577847776667487,0.043761619671211935,5000
cc_ge_0.3,contrast,AL,3658,68665,0.0503319812206281,0.045336729535334776,0.056112324605503826,5000
cc_ge_0.3,rotation,LM,12106,68665,0.005698198648860009,0.00317636321446966,0.008838414122133422,5000
cc_ge_0.3,rotation,RL,9747,68665,0.009925347967695508,0.006704438943595459,0.013177789844000422,5000
cc_ge_0.3,rotation,AL,3658,68665,0.025940429035435253,0.02135618102182598,0.03002867369281139,5000
cc_ge_0.3,translation,LM,12106,68665,0.06366708755700762,0.060458580685992046,0.06701520961381634,5000
cc_ge_0.3,translation,RL,9747,68665,0.09075152012349325,0.08657255264402282,0.09407934273752126,5000
cc_ge_0.3,translation,AL,3658,68665,0.08442857415539312,0.07886165538548774,0.08991850572668925,5000
cc_ge_0.3,temporal_reverse,LM,12106,68665,-0.004183651366789998,-0.0072116282156660825,-0.0015369652378000127,5000
cc_ge_0.3,temporal_reverse,RL,9747,68665,0.010573547751301593,0.008055514273332249,0.013377961362849404,5000
cc_ge_0.3,temporal_reverse,AL,3658,68665,-0.0027549165570434075,-0.00763082748934279,0.0017328506265311139,5000
cc_ge_0.3,speed_up,LM,12106,68665,0.021253428126165597,0.01945763168029333,0.022953804518922715,5000
cc_ge_0.3,speed_up,RL,9747,68665,0.03822080226436997,0.03582369189159108,0.04019576373782699,5000
cc_ge_0.3,speed_up,AL,3658,68665,0.032880400676365884,0.02966906638012818,0.036344574158518606,5000
cc_ge_0.3,slow_down,LM,12106,68665,-0.05266425413787035,-0.0552064104884299,-0.049998884232954094,5000
cc_ge_0.3,slow_down,RL,9747,68665,-0.1000626404339795,-0.10357024597488934,-0.09715856617265056,5000
cc_ge_0.3,slow_down,AL,3658,68665,-0.10157642449927673,-0.10607381924401367,-0.09780608498741743,5000
cc_ge_0.5,contrast,LM,9694,56037,0.015592538888201113,0.011825935757147573,0.019773381750450108,5000
cc_ge_0.5,contrast,RL,7078,56037,0.04451301884895076,0.039968578616411427,0.0494504583120236,5000
cc_ge_0.5,contrast,AL,2685,56037,0.05280570674184659,0.04662516728744245,0.05979884592609433,5000
cc_ge_0.5,rotation,LM,9694,56037,0.004072024013875852,0.0008059590650892846,0.007160452013699785,5000
cc_ge_0.5,rotation,RL,7078,56037,0.009855701762137126,0.006126108219854101,0.013799756081145224,5000
cc_ge_0.5,rotation,AL,2685,56037,0.026307546707654783,0.021208914534017465,0.031330314058702714,5000
cc_ge_0.5,translation,LM,9694,56037,0.06356445259389154,0.05995602367331174,0.06727450807037745,5000
cc_ge_0.5,translation,RL,7078,56037,0.09583153664817157,0.0918753812847502,0.09947166399310069,5000
cc_ge_0.5,translation,AL,2685,56037,0.08794884238547962,0.08177817454149629,0.09364073192606719,5000
cc_ge_0.5,temporal_reverse,LM,9694,56037,-0.006778999035316313,-0.009508336795234832,-0.0038800731238483772,5000
cc_ge_0.5,temporal_reverse,RL,7078,56037,0.00775996560573744,0.004110627402333614,0.011183455313744043,5000
cc_ge_0.5,temporal_reverse,AL,2685,56037,-0.007278288611599959,-0.014348290131843976,-0.0011757790091247535,5000
cc_ge_0.5,speed_up,LM,9694,56037,0.019832724709123117,0.017529626361181126,0.021807578129403548,5000
cc_ge_0.5,speed_up,RL,7078,56037,0.03713320586415125,0.03473690724175258,0.03969415936585279,5000
cc_ge_0.5,speed_up,AL,2685,56037,0.031009949386403446,0.027146884095422454,0.03502702624260235,5000
cc_ge_0.5,slow_down,LM,9694,56037,-0.05526006421444063,-0.05801960267433895,-0.05254064023071388,5000
cc_ge_0.5,slow_down,RL,7078,56037,-0.10445041280399892,-0.10812078450780034,-0.10075154497664907,5000
cc_ge_0.5,slow_down,AL,2685,56037,-0.10923983470017429,-0.11412616624605817,-0.10565726681048833,5000
cc_ge_0.7,contrast,LM,4079,24406,0.02546525704320768,0.018313391821691914,0.03125888909242354,5000
cc_ge_0.7,contrast,RL,2333,24406,0.0520322611337225,0.044375270176398224,0.058984490613259125,5000
cc_ge_0.7,contrast,AL,983,24406,0.06511716521939115,0.05658094946829571,0.07631430087340976,5000
cc_ge_0.7,rotation,LM,4079,24406,0.003706643658188402,-0.001966348130202589,0.00853762725764308,5000
cc_ge_0.7,rotation,RL,2333,24406,-0.0004274822424810143,-0.005791179904778165,0.0070356414205344844,5000
cc_ge_0.7,rotation,AL,983,24406,0.018653335121401438,0.009577500518739073,0.027112213519796143,5000
cc_ge_0.7,translation,LM,4079,24406,0.06826498969094164,0.06256592155547967,0.07412353968939685,5000
cc_ge_0.7,translation,RL,2333,24406,0.08904686179849297,0.08220590884669705,0.09611911475251744,5000
cc_ge_0.7,translation,AL,983,24406,0.09078774804596024,0.07762779753608559,0.10077563610670182,5000
cc_ge_0.7,temporal_reverse,LM,4079,24406,-0.01292321544488595,-0.018667544456187034,-0.008349882333230634,5000
cc_ge_0.7,temporal_reverse,RL,2333,24406,-0.0010414931437641162,-0.007197813563202593,0.0041376000575406155,5000
cc_ge_0.7,temporal_reverse,AL,983,24406,-0.022265322727897052,-0.030360465736307563,-0.014127636670376807,5000
cc_ge_0.7,speed_up,LM,4079,24406,0.01686376071070217,0.013334354397163087,0.02022016497294492,5000
cc_ge_0.7,speed_up,RL,2333,24406,0.029127307165444205,0.025006292536449166,0.03346145240594112,5000
cc_ge_0.7,speed_up,AL,983,24406,0.0280682486750774,0.01961319013387696,0.034643022358015925,5000
cc_ge_0.7,slow_down,LM,4079,24406,-0.05944073164609309,-0.06455925761803818,-0.0549325950765728,5000
cc_ge_0.7,slow_down,RL,2333,24406,-0.10344119098104354,-0.1099126829179577,-0.09848496762066145,5000
cc_ge_0.7,slow_down,AL,983,24406,-0.12279491666283227,-0.13135047277196243,-0.11555328321547224,5000
