session,scan,readout,static_gabor_response,brain_area,grating_response,MESI,Natural,dynamic_gabor_response,medi_response
6,2,3512,3.681124448776245,LM,2.146160840988159,6.252242565155029,17.49139404296875,3.836566686630249,8.096648216247559
8,5,4316,3.50279188156128,RL,8.98552131652832,6.806156158447266,7.357745170593262,28.184738159179688,60.04853439331055
7,5,7979,0.1282129883766174,RL,2.4871320724487305,0.3679412603378296,10.673017501831056,1.533144235610962,3.491243839263916
5,6,7078,2.530634880065918,LM,18.61323928833008,3.027984857559204,11.35891342163086,12.451090812683104,9.77248764038086
6,6,5218,4.128117084503174,LM,4.4663190841674805,8.23959732055664,15.182668685913086,2.4923131465911865,20.444032669067383
6,4,4655,18.155607223510746,AL,4.9139909744262695,38.6627311706543,17.931495666503906,1.6926308870315552,47.92583847045898
5,6,5012,2.4184815883636475,AL,10.045292854309082,11.629497528076172,9.908411026000977,7.675455093383789,37.24975204467773
4,7,3082,1.373442530632019,RL,2.7677905559539795,6.7614569664001465,3.389135360717773,4.511775970458984,27.34287452697754
5,6,2520,3.001660108566284,LM,13.972681045532228,5.206624031066895,7.195838451385498,8.344303131103516,24.67218780517578
6,2,5195,5.388255596160889,V1,4.461353778839111,10.0914888381958,5.2469258308410645,3.231292724609375,15.60777759552002
6,6,5799,0.8161312937736511,RL,6.9639201164245605,3.5225327014923096,23.525131225585938,7.787023544311523,45.57160949707031
8,5,72,3.621303081512451,AL,3.876437187194824,4.200554370880127,4.937622547149658,2.8440942764282227,4.657850742340088
5,6,1195,1.797902226448059,LM,2.157351016998291,2.609973192214966,14.573949813842772,5.317551136016846,13.231694221496582
9,6,1375,0.9488128423690796,RL,2.0507020950317383,2.2989490032196045,6.950659275054932,3.30532455444336,13.168485641479492
9,3,6846,8.198356628417969,RL,3.631298303604126,16.172163009643555,8.842491149902344,3.8210372924804688,26.4184513092041
6,2,6360,3.2962024211883545,V1,4.906641960144043,6.1667656898498535,8.280304908752441,1.19298255443573,3.264414072036743
5,7,6783,0.5136768221855164,AL,1.6658951044082642,0.8767859935760498,7.544938564300537,8.249800682067871,18.04327392578125
6,4,4059,12.061030387878418,V1,7.194101333618164,55.07360458374024,9.315671920776367,1.112928867340088,160.41249084472656
6,4,7763,1.53729248046875,RL,2.71159029006958,1.4390679597854614,4.500107765197754,2.145700216293335,4.610074996948242
5,7,7534,2.0100550651550293,V1,2.4859514236450195,1.5900753736495972,6.105004787445068,0.731989860534668,2.520887851715088
5,7,4070,4.82051944732666,V1,33.2666130065918,6.523808002471924,6.969030380249023,6.850772380828857,31.21808433532715
6,6,843,1.869251370429993,V1,2.064274787902832,5.602349758148193,14.234661102294922,5.518840312957764,13.881796836853027
9,3,4701,5.49623966217041,V1,4.157921314239502,16.500198364257812,16.447256088256836,1.088443160057068,17.572736740112305
6,7,5435,1.1499441862106323,AL,5.577820301055908,1.2949007749557495,5.779375553131104,11.72988224029541,38.951210021972656
6,2,7826,2.719592809677124,V1,2.001461982727051,6.40804386138916,16.205350875854492,4.107889652252197,7.58938455581665
7,3,835,2.0704448223114014,AL,3.216942071914673,9.35971450805664,11.562829971313477,2.657647132873535,21.89356231689453
5,7,4845,0.9734987616539,RL,3.746252059936523,3.152557134628296,6.208741664886475,6.458704471588135,90.85952758789062
6,6,4279,0.8631961345672607,RL,3.4047679901123047,0.8632653951644897,3.175618886947632,4.424057483673096,3.3513894081115723
6,2,6606,1.0149253606796265,RL,3.628808975219727,1.663223385810852,3.681848764419556,4.464334487915039,10.6556978225708
6,4,3172,7.487600326538086,LM,4.205291271209717,6.630180835723877,5.821484565734863,12.754029273986816,17.588085174560547
6,7,7685,4.447266578674316,RL,11.147468566894531,6.6088457107543945,6.770240306854248,4.6561689376831055,6.080569267272949
6,2,3799,0.3184645771980285,RL,5.1779303550720215,0.296221375465393,5.481098651885986,2.209169387817383,1.265896558761597
7,3,5046,4.420582294464111,V1,3.720054864883423,11.372025489807127,8.68779468536377,2.850844144821167,10.770431518554688
9,3,7960,0.7022231817245483,AL,5.007815361022949,1.7492009401321411,11.114558219909668,3.084366798400879,5.290666580200195
5,7,1255,0.7323476076126099,AL,3.015846014022827,2.462649345397949,3.4629361629486084,7.089702129364014,17.92058563232422
9,4,79,2.3109140396118164,LM,2.321716785430908,2.139413356781006,11.294231414794922,6.119009971618652,6.741411209106445
4,7,3452,2.2353439331054688,LM,3.805629253387451,2.193162441253662,4.003020763397217,3.5170068740844727,4.061084270477295
8,5,7156,2.431670427322388,RL,1.5691417455673218,5.34902811050415,6.949831485748291,6.19891881942749,19.48865127563477
5,6,7951,0.4633861184120178,RL,1.6372722387313845,14.419259071350098,14.778498649597168,2.2106709480285645,123.55104064941406
9,6,4646,0.8135483860969543,RL,9.321444511413574,3.3339428901672363,3.4498062133789062,4.288227558135986,10.34435749053955
6,2,6796,1.3873378038406372,AL,10.94998264312744,1.2823642492294312,4.1264967918396,5.015096187591553,6.227693557739258
7,5,5693,0.265582412481308,LM,1.1429455280303955,4.38321590423584,29.011451721191406,2.440991878509521,75.2197494506836
4,7,5848,3.5339012145996094,AL,8.849645614624023,9.639656066894531,22.33999252319336,8.612138748168945,67.92487335205078
7,5,3710,1.6772713661193848,RL,9.050884246826172,1.8778620958328247,3.677998542785645,20.473388671875,15.62251091003418
5,7,5194,3.162648200988769,V1,1.894175410270691,17.781173706054688,18.914649963378903,24.35628318786621,82.88756561279297
5,7,1124,2.2500174045562744,LM,1.982769012451172,4.490291595458984,4.991477012634277,3.490073204040528,14.521556854248049
6,6,5891,2.127382040023804,RL,4.24581241607666,8.540121078491211,16.672563552856445,5.142682552337647,21.656051635742188
8,5,838,3.0602517127990723,LM,25.359766006469727,5.511768341064453,9.31423568725586,31.244009017944336,49.66195297241211
6,6,3283,4.708574295043945,AL,3.799307823181152,6.457540988922119,5.052002906799316,7.384196758270264,14.686931610107422
9,4,6366,4.609795570373535,LM,2.9314675331115723,7.910441398620605,8.824024200439453,1.649058222770691,16.790891647338867
9,6,2462,3.3048887252807617,AL,4.139269828796387,2.525462865829468,2.869582176208496,4.124922275543213,3.843281745910645
9,3,1431,1.0990480184555054,RL,3.578958511352539,1.2384356260299685,1.808781385421753,4.2251715660095215,4.399710178375244
9,3,2555,2.2225453853607178,AL,8.365638732910156,12.18881607055664,20.589746475219727,1.9489223957061768,17.906770706176758
5,7,862,13.111162185668944,V1,2.434826135635376,37.24501800537109,18.232606887817383,10.161242485046388,178.12863159179688
9,4,7573,1.93974244594574,V1,1.0617257356643677,6.158308506011963,10.499763488769531,0.4461924731731415,12.201940536499023
9,3,5418,0.9686054587364196,LM,6.804218292236328,1.587642788887024,6.304910182952881,4.645052433013916,8.763016700744629
8,5,2872,1.4457285404205322,LM,11.162079811096191,5.5193772315979,5.718263149261475,7.448854923248291,26.92870330810547
9,3,1384,2.383617401123047,AL,2.172394037246704,5.163566112518311,12.381839752197266,8.465899467468262,26.931419372558597
5,7,6063,5.526933670043945,RL,2.595399141311645,10.389474868774414,9.779942512512209,4.1854681968688965,24.38452911376953
6,2,2393,1.174185276031494,LM,7.8231520652771,2.7544829845428467,9.81258773803711,6.633365154266357,13.56785011291504
9,3,7817,5.128537654876709,RL,3.781195163726807,5.491422176361084,6.624821186065674,5.028375625610352,14.298831939697266
5,7,3462,1.2537076473236084,V1,2.9868314266204834,22.03243827819824,16.73970603942871,6.21572732925415,277.1705322265625
5,6,6180,2.690745115280152,RL,2.611323595046997,1.7365124225616455,27.02078628540039,6.269588470458984,15.72042465209961
5,7,4728,5.8751068115234375,V1,2.6919782161712646,23.16889381408692,10.656362533569336,0.5125861167907715,34.130245208740234
7,5,7040,1.2936631441116333,LM,2.0777857303619385,2.2168397903442383,4.7738447189331055,2.2877349853515625,4.776696681976318
8,5,7115,6.746090412139893,RL,3.379653215408325,49.65522003173828,22.157676696777344,14.470720291137695,161.01695251464844
9,3,6546,0.3387024700641632,LM,3.3381948471069336,2.709399461746216,4.262450695037842,0.337672084569931,10.405896186828612
6,2,5109,2.4704692363739014,LM,18.58342742919922,3.912731647491455,11.60028839111328,20.48673820495605,5.549321174621582
7,3,5890,2.433314085006714,LM,1.490471363067627,73.0914535522461,6.97625732421875,1.5587438344955444,65.49275207519531
6,7,7346,0.6599013209342957,AL,4.131965637207031,3.410618782043457,5.173718452453613,2.105372905731201,22.74353408813477
8,5,1527,5.556394100189209,RL,4.996623992919922,11.64791488647461,9.70947551727295,30.54047203063965,99.87605285644533
5,6,1506,2.3635590076446533,RL,8.181623458862305,4.298149108886719,8.393414497375488,3.981954574584961,4.254640579223633
8,5,2292,1.123219013214111,RL,6.24531364440918,1.420385241508484,4.231172561645508,2.4998645782470703,2.0883026123046875
6,2,7042,2.4966015815734863,LM,7.356189727783203,20.514219284057617,8.005766868591309,2.4308180809021,69.31781768798828
7,3,727,6.822750091552734,V1,4.9905314445495605,30.98128128051757,14.050932884216309,2.008266925811768,46.58343505859375
4,7,5836,0.5584972500801086,AL,4.859862804412842,0.8805264234542847,19.86382484436035,2.6914682388305664,10.203723907470703
5,6,1445,2.31196665763855,V1,7.616601943969727,5.8420090675354,4.863327503204346,4.222615718841553,27.302074432373047
9,3,6646,1.3038451671600342,AL,5.370303153991699,5.1688385009765625,10.33081340789795,1.6391046047210691,5.579437732696533
5,6,1362,1.0054062604904177,RL,3.8851728439331055,9.513023376464844,10.622231483459473,1.648470163345337,71.7479019165039
9,3,3449,8.764850616455078,V1,9.95839500427246,43.005348205566406,16.699081420898438,5.31456184387207,23.71843910217285
9,3,4177,2.5956902503967285,LM,1.6856980323791504,7.023053646087647,13.940369606018066,2.0408902168273926,9.482460975646973
5,6,3894,1.0738648176193235,RL,4.949234962463379,1.1492515802383425,4.018646240234375,4.0572428703308105,8.777854919433594
9,4,1264,2.554638862609864,LM,2.320887804031372,2.779905319213867,3.0996768474578857,2.9041171073913574,5.157092094421387
5,6,6810,4.084339618682861,AL,15.758953094482422,2.1651506423950195,6.747286319732666,16.4140567779541,19.304332733154297
6,6,7768,2.0306098461151123,AL,2.0419061183929443,3.951195001602173,4.63340950012207,3.1893506050109863,11.142465591430664
9,6,2618,0.6905955076217651,LM,5.713213920593262,44.107364654541016,11.31304168701172,3.1452908515930176,496.3143615722656
6,4,5991,4.056674003601074,LM,16.597753524780273,4.907190322875977,22.998384475708008,44.35082244873047,109.01622772216795
5,6,2611,0.7553768754005432,LM,2.562401056289673,1.997199296951294,3.981294631958008,0.5503340363502502,2.4896068572998047
5,6,3710,1.5305869579315186,LM,1.4940603971481323,1.7831791639328003,3.379191398620605,0.903022289276123,1.9048136472702024
6,4,6758,9.964069366455078,RL,26.23181915283203,52.438255310058594,18.12763977050781,5.026422500610352,87.57111358642578
7,5,2015,3.192180156707764,RL,2.4545464515686035,5.867105007171631,14.4434814453125,10.597700119018556,79.47489929199219
9,3,1378,4.21087646484375,AL,3.761642217636109,6.529525279998779,17.99890899658203,20.159217834472656,9.676204681396484
7,5,2013,0.8727240562438965,RL,9.507043838500977,3.0263237953186035,7.306582450866699,7.636838912963867,27.085906982421875
6,2,112,3.420114755630493,LM,3.649209976196289,6.260162353515625,5.112731456756592,1.970581650733948,6.77330207824707
6,4,6021,0.7277891635894775,AL,1.9580488204956048,3.481895685195923,12.75221347808838,10.33030128479004,16.518451690673828
6,7,1422,3.33941650390625,RL,2.888090848922729,3.097296476364136,5.528374671936035,5.026674747467041,13.813973426818848
7,5,3912,15.99868392944336,V1,9.780747413635254,18.3926944732666,8.433333396911621,7.444003582000732,23.96297645568848
6,4,1416,4.545011043548584,V1,10.263349533081056,9.62038230895996,21.981840133666992,5.396700382232666,74.44497680664062
5,7,1523,8.931537628173828,V1,15.443791389465332,24.433025360107425,11.98391819000244,17.187971115112305,42.28654098510742
9,6,4735,3.401362419128418,RL,1.9911695718765257,6.975487232208252,5.8266143798828125,4.747157096862793,20.001354217529297
8,5,7278,3.9212522506713854,V1,1.967247009277344,221.5908660888672,20.627870559692383,15.145885467529297,288.6138000488281
6,4,4237,0.402372270822525,AL,0.7716639637947083,2.072359085083008,1.9088456630706787,2.268040180206299,19.45517349243164
9,6,1871,0.3864023089408874,V1,1.6801799535751345,1.4117697477340698,19.795228958129883,1.488329529762268,14.079452514648438
4,7,6680,4.102108001708984,V1,3.741509437561035,13.46263027191162,10.359726905822754,3.687969207763672,19.37797737121582
6,2,4795,4.414022922515869,RL,2.832862138748169,10.259177207946776,10.768426895141602,4.223549842834473,10.890089988708496
9,4,5175,1.4646600484848022,AL,2.697863817214966,2.575900316238404,6.057127475738525,4.769669055938721,8.181554794311523
9,4,3410,0.8964470624923706,V1,3.1055407524108887,3.415719985961914,5.462031364440918,2.61877965927124,12.300976753234863
6,4,2098,4.220202922821045,AL,8.250472068786621,10.854619979858398,6.475623607635498,8.333694458007812,29.597475051879883
9,6,2087,1.564489722251892,RL,7.224362373352051,3.60568642616272,6.631589412689209,8.008440017700195,19.085636138916016
8,5,9224,1.5836397409439087,RL,1.893410921096801,1.7328729629516602,3.9994430541992174,1.5485771894454956,8.48587703704834
6,2,6681,0.8826516270637512,AL,5.0485453605651855,1.918909311294556,9.814092636108398,3.311367988586426,13.588318824768066
8,5,7119,2.5727696418762207,RL,2.6758882999420166,13.49375343322754,8.768389701843262,6.294350624084473,31.19331932067871
6,2,3511,1.7850326299667358,V1,3.0817630290985107,4.556052684783936,15.991888046264648,1.9637141227722168,14.279593467712402
6,7,1800,16.288965225219727,V1,6.566877365112305,28.878433227539062,14.810815811157228,15.929095268249512,39.90364074707031
9,6,1239,0.528414249420166,LM,2.000070333480835,0.9273998737335204,5.257722854614258,2.457459688186645,3.8472087383270255
6,7,1581,1.5563719272613523,LM,10.335956573486328,10.116722106933594,4.387721061706543,1.7213702201843262,25.31053733825684
9,3,608,2.379768848419189,V1,2.172226905822754,8.637903213500977,7.562139511108398,4.26041316986084,33.92808532714844
6,4,4629,1.0572782754898071,RL,4.413355350494385,3.431924819946289,4.511592864990234,5.718940258026123,18.648754119873047
8,5,3782,1.2411324977874756,LM,3.6372687816619873,6.062321186065674,10.732593536376951,0.6431639194488525,33.608028411865234
7,5,7684,2.639396905899048,LM,2.2678136825561523,1.1104298830032349,10.660905838012695,3.421851396560669,10.62200164794922
6,6,7630,8.101788520812988,V1,3.1658434867858887,12.583752632141112,7.912665843963623,1.683935523033142,17.048675537109375
5,7,5456,5.848321914672852,V1,14.282989501953123,4.450686931610107,6.1639933586120605,24.588558197021484,34.95286178588867
6,4,747,4.627999782562256,LM,6.458812713623047,6.430285453796387,17.884719848632812,1.1755714416503906,13.36684513092041
5,7,1330,3.4581243991851807,RL,3.589221477508545,8.892121315002441,5.234719753265381,5.140751361846924,53.8414192199707
7,5,8084,1.1658923625946045,RL,5.414124965667725,1.641170859336853,2.887998580932617,1.4245107173919678,1.5304949283599854
5,7,6420,0.9189876914024352,AL,2.642086744308472,3.2012288570404053,6.110031604766846,10.685662269592283,135.9659881591797
8,5,985,0.5097029209136963,V1,2.396292209625244,5.505781650543213,10.839795112609863,1.91511344909668,104.24822235107422
8,5,9923,1.4579418897628784,AL,2.71802830696106,3.6887731552124015,11.790125846862791,5.660591125488281,21.959291458129883
6,7,5645,5.716377258300781,RL,1.7167229652404783,15.875452041625977,11.909283638000488,3.3664019107818604,12.63113021850586
6,2,6680,0.3307757973670959,AL,5.073349475860596,0.9950474500656128,3.682551383972168,0.2556237280368805,2.881124496459961
6,2,6991,2.235940456390381,LM,11.09892463684082,8.416397094726562,9.122110366821287,6.103917598724365,20.83083915710449
7,3,7081,4.089148044586182,LM,3.596959114074707,3.376073837280273,2.501018762588501,7.073245525360107,7.99152946472168
4,7,4979,2.7385287284851074,LM,2.859759330749512,21.754858016967773,12.084481239318848,6.27354621887207,81.57408905029297
8,5,6188,8.861526489257812,V1,4.790225505828857,18.90581512451172,20.9294490814209,16.762279510498047,101.54825592041016
9,4,3962,4.4979658126831055,LM,6.298243522644043,8.619315147399902,5.249627113342285,3.545624017715454,24.492197036743164
5,6,7905,0.3874820172786712,AL,2.3142566680908203,1.5058308839797974,6.629595756530762,0.31755530834198,4.484871864318848
5,6,8402,5.651950359344482,AL,7.602994441986084,6.484664440155029,6.690955638885498,11.07070255279541,28.64488220214844
9,4,7685,0.576915442943573,RL,4.672537803649902,0.5084922313690186,3.888670444488525,8.132895469665527,2.653636932373047
6,2,7395,1.716030836105347,V1,3.666549921035767,3.254369735717773,4.966757297515869,0.5525897741317749,11.509440422058104
8,5,4625,7.924994945526123,V1,2.5898587703704834,41.60539627075195,14.58206272125244,4.02939510345459,38.13543701171875
6,4,2235,1.208462834358215,LM,2.227902412414551,1.6343268156051636,6.526262283325195,3.3930327892303467,9.42560577392578
8,5,1584,1.4691576957702637,LM,3.476350784301758,5.050499439239502,4.581062316894531,4.106125831604004,15.78184700012207
5,7,2189,8.690173149108887,AL,5.19765567779541,25.76903343200684,8.298681259155273,3.754868030548096,68.6490707397461
9,4,2641,0.2763936817646026,LM,1.9757957458496087,0.3501333892345428,7.751453876495361,2.3536648750305176,4.104284763336182
5,7,5327,2.450587749481201,V1,3.172127485275269,76.76663208007812,28.795635223388672,2.322473526000977,47.44974136352539
6,4,6116,3.0591142177581787,RL,5.722639560699463,4.048937797546387,4.087606906890869,14.465375900268556,34.626121520996094
7,3,7617,1.1178669929504397,LM,1.7180068492889404,1.6670939922332764,5.058652877807617,3.5123813152313232,9.750845909118652
9,6,1469,1.934957385063172,RL,4.347061634063721,1.9935449361801147,3.1482150554656982,6.002463340759277,16.28557777404785
7,5,6626,0.7784707546234131,AL,4.047843456268311,9.231335639953612,31.34882545471192,3.392726421356201,31.169137954711918
9,6,3957,4.469624996185303,LM,1.8127508163452148,5.523529052734375,4.22446346282959,2.226907968521118,8.19832706451416
6,4,6066,8.379192352294922,RL,2.3877761363983154,11.866848945617676,8.508663177490234,5.686839580535889,11.666221618652344
4,7,3303,3.334162473678589,LM,3.844728469848633,4.702014446258545,3.132495164871216,2.836521625518799,5.771975040435791
7,5,6999,4.1191086769104,LM,4.190328598022461,5.465386390686035,8.001511573791504,5.025591373443604,8.04534912109375
7,3,225,0.2498604506254196,V1,8.333091735839844,0.5655298829078674,3.749049425125122,0.3873679935932159,2.014269590377808
5,7,2228,0.8492156267166138,V1,1.0775749683380127,2.899662733078003,10.042536735534668,2.636993408203125,12.52751922607422
6,7,4107,1.7363293170928955,AL,34.33167266845703,4.211549758911133,21.060029983520508,31.12481689453125,14.523430824279783
6,2,3776,2.359316110610962,RL,3.818414688110352,3.633493661880493,3.832028865814209,6.198234558105469,15.994051933288574
9,4,6681,2.6462414264678955,LM,2.8961472511291504,3.510571241378784,4.437413692474365,2.538028717041016,5.083415508270264
6,7,60,4.53369665145874,V1,3.263645887374878,6.075016975402832,9.205484390258787,2.463613748550415,17.87708854675293
9,6,3822,1.0223102569580078,LM,3.0076727867126465,1.4274650812149048,5.975770950317383,3.747289896011353,3.2957592010498047
5,7,8073,1.43848717212677,RL,1.424341917037964,1.5447384119033811,5.067256927490234,3.709122896194458,15.840127944946287
7,5,31,1.070209503173828,LM,2.9053268432617188,1.842016339302063,4.242773532867432,1.6941972970962524,3.676262378692627
9,6,2083,1.6848375797271729,RL,5.341931343078613,4.372836112976074,6.822493076324463,3.8877923488616943,6.867390155792236
6,7,6231,1.944376230239868,AL,14.969181060791016,1.8363616466522217,2.264937400817871,18.465635299682617,16.306203842163086
7,5,3616,0.3564461171627044,AL,2.185948371887207,10.4544038772583,21.20790100097656,1.1256873607635498,10.86715316772461
7,3,6999,8.737930297851562,LM,4.061861038208008,15.496326446533203,33.38544845581055,10.719186782836914,56.03407287597656
9,6,5113,1.598825454711914,RL,4.732278347015381,4.223849773406982,7.814004898071289,2.703086376190185,8.437201499938965
9,4,200,4.792651653289795,V1,2.424803733825684,20.791980743408203,12.81808090209961,7.857263088226318,43.41703414916992
5,7,3338,1.1434822082519531,LM,5.72535514831543,3.759850263595581,4.021268367767334,2.5870604515075684,9.904815673828123
8,5,2729,2.425309419631958,RL,4.630069732666016,3.223271369934082,3.5440216064453125,2.016026496887207,6.981539249420166
6,7,1048,5.029123783111572,V1,4.898212432861328,7.324357986450195,6.401480197906494,4.942386150360107,18.174484252929688
6,7,2851,1.6463353633880615,AL,3.4295032024383545,2.4058072566986084,2.643298625946045,4.516315937042236,4.830476760864258
4,7,4919,2.8062572479248047,RL,4.214380741119385,5.765572547912598,5.767211437225342,6.46887731552124,24.344141006469727
9,4,7231,3.2076964378356934,V1,2.953432559967041,2.4788811206817627,5.179754734039307,3.104520797729492,7.1947855949401855
9,4,2605,1.768316626548767,LM,3.4458839893341064,2.4777066707611084,3.732178926467896,4.183678150177002,5.949445724487305
6,2,528,3.4357800483703613,V1,5.900010585784912,4.225278854370117,17.634048461914062,10.980158805847168,17.65358543395996
5,7,6811,0.6126967668533325,AL,4.804094314575195,1.6671066284179688,13.815424919128418,9.914008140563965,69.2251205444336
9,4,78,3.23488712310791,LM,3.157410383224488,4.790506362915039,6.702003002166748,3.326447010040283,4.632724761962891
6,2,4845,2.319263935089112,AL,10.322750091552734,5.169146537780762,12.508155822753906,21.342025756835938,79.59397888183594
6,7,6034,0.6631171107292175,AL,10.425731658935549,8.664163589477539,8.444571495056152,0.5909221768379211,59.26192092895508
9,3,5384,0.7054168581962585,LM,7.542795181274414,8.400493621826172,8.230382919311523,4.19102144241333,91.17250061035156
5,6,5141,0.4945555329322815,LM,0.9081096053123474,1.1677519083023071,6.151798725128174,0.2966695427894592,3.082437038421631
8,5,9710,0.5373616814613342,RL,10.270419120788574,1.6803251504898071,4.412796974182129,5.001859188079834,12.665346145629885
7,5,5993,0.6178330183029175,AL,2.116124153137207,2.4718286991119385,3.8582684993743896,2.886847496032715,8.715102195739746
6,2,4478,1.8017897605896,AL,4.836935997009277,3.907648324966431,5.444355487823486,9.81558322906494,20.399227142333984
9,4,777,1.6594494581222534,LM,4.618056774139404,1.7335880994796753,3.458437919616699,3.265530824661255,3.3879716396331787
9,4,4775,2.59663724899292,RL,3.5701260566711426,6.7314629554748535,8.578596115112305,3.609870433807373,12.94316864013672
6,4,8132,2.4174394607543945,AL,4.043489456176758,5.9539337158203125,9.984460830688477,16.3721923828125,60.92306900024414
7,3,389,1.6416746377944946,V1,1.7083804607391355,4.409415245056152,5.843844413757324,1.2043607234954834,9.92525577545166
7,3,4104,1.5759655237197876,RL,3.1026690006256104,5.827661514282227,20.28534507751465,1.875399708747864,5.512598037719727
7,3,7911,0.3619611263275146,RL,1.9198476076126096,2.9019949436187744,3.512666940689087,3.9906277656555176,12.180232048034668
4,7,520,0.4858563542366028,RL,5.900525569915772,1.4613850116729736,14.987048149108888,2.886370897293091,24.82748413085937
8,5,9108,0.7237251400947571,LM,3.929373264312744,3.169307231903076,4.906815528869629,0.9752721786499025,10.830820083618164
8,5,7702,0.3016333878040313,RL,6.713551044464111,0.91677063703537,14.512903213500977,14.563868522644045,23.74015998840332
9,3,1506,2.562603712081909,RL,2.427015781402588,5.401157379150391,13.872304916381836,7.667574405670166,15.28830623626709
6,2,6373,4.462985515594482,V1,5.563406467437744,9.645767211914062,9.15532398223877,8.718406677246094,45.57931900024414
7,5,831,0.5953902006149292,LM,4.008677959442139,1.092553734779358,5.508991241455078,2.862342119216919,11.372900009155272
6,7,7338,2.978503704071045,AL,2.0958786010742188,9.901796340942385,6.862742900848389,4.044907569885254,28.42473602294922
5,7,6807,3.284785747528076,RL,4.199326038360596,4.370236396789551,22.39693832397461,4.130837917327881,12.325448989868164
8,5,8044,0.4212642610073089,AL,4.570468902587891,0.8635119795799255,15.251813888549805,3.485666513442993,7.186789512634277
4,7,7245,3.0932648181915283,V1,4.633320331573486,6.731630802154541,15.510583877563477,5.743492126464844,40.27464294433594
5,6,1948,3.5722203254699707,RL,1.269563913345337,5.344037055969238,8.775324821472168,1.955297827720642,14.46636199951172
6,4,1769,1.0797369480133057,RL,7.028088569641113,3.824779272079468,5.366095066070557,3.376699686050415,46.53507614135742
9,4,3103,3.693827390670776,V1,2.1738076210021973,18.39662170410156,7.532751560211182,1.020236849784851,25.651655197143555
5,7,8092,0.2979351878166199,AL,2.606015920639038,0.5966001749038696,1.975458025932312,1.4366741180419922,2.0966928005218506
4,7,4266,1.009213089942932,AL,2.7509119510650635,3.316971778869629,12.847055435180664,7.969829082489014,40.7969970703125
7,3,6085,5.030132293701172,LM,5.82520866394043,10.067766189575195,18.43857765197754,3.4583866596221924,13.224492073059082
8,5,4283,2.6914641857147217,RL,6.512933731079102,9.97714900970459,7.5098772048950195,16.44673728942871,40.71749496459961
9,3,6114,0.406475692987442,LM,5.243190765380859,0.4000419378280639,4.847900867462158,4.491655826568604,4.436323642730713
8,5,2582,3.858575344085693,RL,2.9553005695343018,36.062721252441406,25.89853286743164,10.786269187927246,470.3201904296875
8,5,4231,3.351999998092652,AL,5.225926399230957,10.976114273071287,7.3052496910095215,5.662074565887451,31.748252868652344
6,6,2684,27.397705078125,V1,287.77203369140625,47.567569732666016,55.17916870117188,93.16069793701172,657.75341796875
7,5,5991,1.212303876876831,AL,5.845480918884277,11.080097198486328,5.591679096221924,11.627750396728516,43.55347442626953
4,7,6350,1.176018476486206,V1,1.8353592157363887,4.199291706085205,11.955242156982422,5.948980808258057,35.90704345703125
7,5,5972,0.5565365552902222,AL,5.959285736083984,1.972068667411804,25.364910125732425,3.414149284362793,28.184038162231445
6,4,2064,3.216959476470948,AL,12.870261192321776,4.926389217376709,10.54644775390625,4.179380416870117,14.822494506835938
6,7,5483,1.8058321475982664,AL,4.599143981933594,4.275634765625,6.570464611053467,0.8034723401069641,3.694562196731568
8,5,2236,1.8081250190734863,RL,2.085472345352173,4.479926109313965,5.999791145324707,4.943367958068848,10.79143524169922
6,2,1196,1.5359240770339966,RL,4.6872100830078125,3.43503999710083,4.040149688720703,5.8234686851501465,21.801942825317383
9,4,5112,2.553051233291626,V1,2.942301988601685,6.689662933349609,19.799230575561523,1.0191742181777954,9.979340553283691
8,5,9014,1.6886924505233765,LM,5.455165386199951,2.5797009468078613,9.2965726852417,0.3223856985569,2.742950439453125
7,5,6391,0.538878858089447,V1,0.8150718212127686,0.8301743268966675,6.596367359161377,0.3989105522632599,2.1206376552581787
5,6,5777,1.9200899600982664,LM,5.079223155975342,4.460941314697266,10.631369590759276,4.175965309143066,9.283317565917969
8,5,2230,16.382394790649414,LM,4.391389846801758,28.762285232543945,8.023157119750977,5.484718322753906,40.10726547241211
7,5,7871,4.303497791290283,V1,6.634634971618652,3.8047943115234375,15.02143096923828,5.631893634796143,11.804948806762695
6,2,884,3.302850246429444,V1,4.80263090133667,10.976485252380373,11.889481544494627,5.5680108070373535,13.65107250213623
6,7,3014,1.667908787727356,RL,2.333048343658448,5.438956260681152,3.3919484615325928,6.832327842712402,32.007198333740234
9,3,7430,6.147631645202637,V1,1.9572288990020752,12.637469291687012,8.530792236328125,2.262147188186645,14.616823196411133
5,6,3805,3.367489814758301,AL,5.247344493865967,10.960064888000488,6.1646599769592285,1.2744323015213013,16.725934982299805
7,5,869,4.6536407470703125,LM,22.4367618560791,2.8024682998657227,32.513328552246094,30.86572265625,144.29257202148438
6,6,5926,1.663826823234558,RL,2.737825870513916,3.8424901962280273,8.497848510742188,1.890796422958374,9.447134017944336
9,3,7673,1.7418386936187744,RL,2.1572093963623047,1.5300337076187134,3.5718581676483154,2.9883925914764404,3.135951519012451
6,4,4292,1.7269772291183472,AL,10.069604873657228,5.660299777984619,5.810769557952881,1.5264990329742432,53.02919387817383
7,5,6796,1.024760365486145,AL,6.362188816070557,10.073138236999512,7.876370906829834,1.0120400190353394,9.644797325134276
6,6,4588,4.5607194900512695,LM,33.54816818237305,2.566489219665528,14.04965114593506,64.69790649414062,81.17822265625
7,5,1934,0.2031114846467971,RL,29.33609771728516,2.082791328430176,22.206707000732425,29.069738388061523,32.505550384521484
5,6,6254,1.103578805923462,RL,2.157312154769897,2.6575796604156494,21.43767166137696,1.4180500507354736,5.074245452880859
6,2,2927,1.5883010625839231,V1,2.688145160675049,4.088793754577637,5.355567455291748,4.078624248504639,15.537023544311523
7,3,1392,1.3460625410079956,RL,21.45988845825196,5.490012168884277,77.62846374511719,14.471162796020508,36.88198471069336
5,6,2800,1.5429743528366089,V1,3.499581813812256,13.00893211364746,30.725461959838867,0.2515938580036163,41.4717025756836
9,3,6711,1.3679351806640625,RL,6.470585823059082,3.1611294746398926,9.699166297912598,0.8269317150115967,4.418036937713623
7,5,6620,0.1220083981752395,RL,10.55116367340088,0.5648099184036255,17.86943817138672,0.1270292103290558,24.24857521057129
9,4,5317,1.8443533182144165,V1,2.1122961044311523,4.547044277191162,5.233148097991943,1.4554705619812012,11.491254806518556
6,2,1300,3.2990477085113525,RL,3.669957637786865,3.550719976425171,9.306138038635254,5.65004301071167,6.094192981719971
9,4,5267,1.931699514389038,LM,2.867008686065674,2.2853362560272217,2.653433561325073,1.6884983777999878,2.2947921752929688
6,2,7717,1.7203330993652344,RL,2.966644287109375,0.6051121354103088,3.946059226989746,1.7151312828063965,7.6895270347595215
9,4,2496,0.6702961325645447,RL,1.0436455011367798,1.766452670097351,8.727472305297852,1.132144570350647,14.325182914733888
7,5,3812,1.9505459070205688,RL,6.997927665710449,2.474909782409668,4.387879848480225,6.881367206573486,10.04880428314209
8,5,5350,0.9221159815788268,AL,3.352876901626587,1.857649326324463,6.837630748748779,2.3206136226654053,18.285472869873047
5,7,4949,3.994020938873291,RL,2.9531519412994385,20.026973724365234,10.175292015075684,2.6249945163726807,22.62407112121582
7,3,378,0.4460555911064148,V1,1.6973049640655518,28.146120071411133,18.144250869750977,2.504823684692383,99.63504028320312
6,2,7341,1.5617059469223022,LM,2.8412740230560303,8.150080680847168,12.45206069946289,2.1273610591888428,10.305852890014648
5,7,1286,1.2318495512008667,RL,26.82242012023925,3.927157878875733,4.320232391357422,5.543315887451172,52.59353256225586
9,3,1530,1.81407630443573,RL,3.065691947937012,2.253847599029541,3.931593894958496,4.567692756652832,4.116120338439941
4,7,4792,0.6210268139839172,AL,4.528531074523926,2.908992290496826,3.2530386447906494,12.942581176757812,34.224365234375
5,6,6070,1.745186448097229,LM,4.997593879699707,1.5134927034378052,4.321904182434082,5.649197101593018,5.211785793304443
7,3,5413,1.357850432395935,V1,7.182362079620361,3.2152435779571533,4.433912754058838,5.5319671630859375,7.094523906707764
6,2,3702,1.0518001317977903,AL,6.460355281829834,1.1433322429656982,5.283071517944336,2.252482652664185,2.41123628616333
5,6,6645,1.442052125930786,AL,2.609749794006348,0.9347206354141236,1.847645163536072,1.7083137035369873,1.97320568561554
6,4,3739,1.589131474494934,V1,2.753370761871338,9.388521194458008,15.926783561706545,5.119628429412842,16.87746238708496
6,7,6148,9.32906723022461,LM,2.3673617839813232,28.907123565673828,96.12059783935548,4.875357151031494,42.35780715942383
6,2,4083,4.311424732208252,V1,1.7929389476776123,17.40949058532715,12.943310737609863,0.5695552825927734,15.259360313415527
9,3,2115,1.9009051322937007,RL,5.57624101638794,4.034464359283447,12.590169906616213,5.688071250915527,15.434627532958984
5,7,5268,9.532782554626465,V1,12.562056541442873,64.45195770263672,50.11370086669922,0.724392831325531,69.91163635253906
7,5,6028,2.19755220413208,AL,4.173346996307373,13.663050651550291,78.05220794677734,0.3867411613464355,7.871265888214111
9,6,4625,1.407814860343933,RL,6.0966339111328125,1.877272367477417,4.374885082244873,3.1678287982940674,3.2714977264404297
7,5,4000,2.2379775047302246,V1,2.544443130493164,3.909823417663574,5.284830093383789,2.663374662399292,4.392678260803223
5,6,2130,4.054623126983643,V1,8.504548072814941,7.009510040283203,9.208709716796877,7.972648620605469,40.3437385559082
9,3,6166,4.094212055206299,V1,2.7986621856689453,21.169279098510746,27.848142623901367,5.391776084899902,19.268762588500977
6,6,3314,2.2557084560394287,AL,2.525622844696045,4.226440906524658,3.201498508453369,2.423949956893921,9.228591918945312
5,6,4302,7.519564151763916,V1,4.049848556518555,10.143668174743652,8.059667587280273,1.1681900024414062,16.95842170715332
6,6,6365,3.4569342136383057,AL,9.930035591125488,26.10417556762696,27.47316169738769,4.886804103851318,67.2270278930664
6,4,6040,0.3950522243976593,RL,6.040565967559815,0.7589275240898132,16.756141662597656,2.404866933822632,4.259323120117188
7,3,8352,1.5931276082992554,V1,6.0314531326293945,2.018868923187256,6.946402072906494,6.806612014770508,14.564902305603027
7,3,3634,1.1763403415679932,V1,14.523721694946287,4.049123287200928,11.269774436950684,6.937605857849121,10.249581336975098
4,7,7125,0.9673448204994202,AL,2.108582258224488,1.460164189338684,1.910645604133606,2.4815773963928223,2.280519723892212
7,5,6755,0.7408460974693298,RL,4.277154922485352,2.513162136077881,7.611939907073975,7.087469100952148,13.299943923950195
9,6,3832,0.5859695076942444,AL,4.237016201019287,1.7431544065475464,16.5286922454834,5.139772891998291,23.965314865112305
7,5,6059,0.5059003829956055,RL,3.530586004257202,1.8910069465637207,12.095787048339844,9.578474044799805,10.757285118103027
4,7,7019,3.7051968574523926,V1,3.2199606895446777,4.867674350738525,9.05252170562744,0.4804694354534149,5.885858058929443
5,7,6434,0.1842589527368545,AL,14.464743614196776,14.247913360595703,9.484585762023926,0.8801723122596741,47.07346725463867
5,7,2434,1.7149343490600586,LM,3.0008764266967773,3.837143898010254,7.756726264953613,5.939277648925781,85.11043548583984
7,5,4025,4.910209655761719,V1,4.548381328582764,3.1007561683654785,6.360162734985352,3.718253135681152,15.42653751373291
5,7,6070,1.1877731084823608,RL,6.314677238464356,1.63165545463562,13.114662170410156,11.588299751281738,8.746267318725586
5,7,5104,1.904255628585816,V1,3.4140055179595947,7.763554573059082,10.331094741821287,3.2491817474365234,17.018051147460938
8,5,2219,2.8123607635498047,RL,2.6958892345428467,11.485437393188477,11.922074317932127,1.5475550889968872,18.405946731567383
6,4,3354,7.327255249023437,V1,3.338017463684082,56.2985954284668,19.410818099975582,1.094950556755066,78.18986511230469
6,2,6971,0.4258868396282196,RL,1.6285382509231567,0.4766044616699219,6.808903217315674,1.9217145442962649,2.779338836669922
6,4,2955,0.6555712819099426,V1,4.838568687438965,7.095142841339111,11.918265342712402,0.994665503501892,22.53577995300293
6,6,3636,4.384383678436279,V1,2.272545099258423,22.122880935668945,3.189925193786621,2.82879900932312,29.160680770874023
9,3,2838,1.4094555377960205,LM,3.0774855613708496,4.220883846282959,6.244131565093994,3.06307053565979,11.706255912780762
4,7,2185,1.0174930095672607,LM,5.899469375610352,1.2782469987869265,12.774575233459473,4.418937206268311,10.13778305053711
5,7,6402,2.041479110717773,V1,4.546243667602539,4.968993186950684,4.115192890167236,3.89914608001709,10.123233795166016
5,6,6171,1.531925916671753,AL,4.359354496002197,5.874999523162842,10.81984519958496,0.9403892159461976,9.525276184082031
7,3,2321,4.0652384757995605,RL,10.31917953491211,9.759799003601074,16.276573181152344,6.280415058135986,134.0407257080078
7,3,3890,3.0050384998321533,AL,4.354706287384033,6.531785488128662,12.839322090148926,0.8752227425575256,80.91919708251953
6,4,8021,1.670917272567749,RL,3.760043859481812,2.9301254749298096,2.709710121154785,2.4709277153015137,7.671167850494385
9,4,1267,3.586009740829468,LM,2.3845674991607666,2.771659135818481,5.051367282867432,3.2217507362365723,6.903129577636719
9,4,2573,2.469709634780884,LM,3.286830186843872,1.452508807182312,5.538728713989258,5.777141094207764,14.957897186279297
6,4,4165,1.984308123588562,V1,1.524609088897705,4.660991668701172,10.955798149108888,2.795664072036743,11.359825134277344
5,6,2636,1.7955230474472046,V1,2.156390190124512,2.7286486625671387,8.057217597961426,3.135859251022339,13.822555541992188
8,5,1967,2.8097829818725586,V1,3.471679925918579,15.145705223083496,12.31064796447754,2.3050074577331543,25.11466789245605
7,3,1782,9.50161361694336,V1,2.5281407833099365,30.89194297790528,13.063321113586426,2.8384039402008057,53.19550323486328
6,6,2017,0.4384583234786987,LM,2.652402877807617,0.4780652523040771,6.136228084564209,4.284544467926025,3.761112928390503
5,6,7369,1.5446200370788574,V1,5.034568309783936,2.538571119308472,7.079260349273682,2.8892319202423096,7.135219573974609
9,4,4356,21.6203556060791,V1,4.31928300857544,43.4125862121582,26.4499568939209,4.107759952545166,56.164886474609375
6,6,6485,1.1340380907058716,RL,3.4999265670776367,1.1455668210983276,2.169410467147827,2.7667815685272217,1.5272873640060425
7,5,2157,0.2763101756572723,RL,2.1360106468200684,2.133062601089477,9.9447603225708,1.545003056526184,21.68466567993164
6,2,4400,0.8780438899993896,AL,1.982599735260009,4.431249618530273,5.4583516120910645,0.4198299944400787,26.715177536010746
7,5,4832,5.772556781768799,V1,1.4532476663589478,19.904098510742188,11.49272346496582,4.271352291107178,30.98678207397461
8,5,6662,3.3817813396453857,V1,1.4042679071426392,11.525982856750488,8.258807182312012,10.39426326751709,46.93238067626953
4,7,4720,1.156995415687561,LM,5.09181022644043,2.6563644409179688,4.286058902740479,1.0561623573303225,24.85932159423828
9,3,6782,10.712817192077637,RL,3.0248522758483887,11.29463005065918,10.180152893066406,7.3347673416137695,10.199979782104492
5,6,1382,2.1543519496917725,RL,3.3263487815856934,10.300644874572754,6.174445629119873,1.288196086883545,8.185626983642578
5,7,3544,0.3073567450046539,LM,6.063488006591797,0.7898485064506531,4.896383285522461,8.572931289672852,18.90869140625
5,7,4808,1.3470066785812378,RL,2.742215633392334,8.474324226379395,3.656717300415039,3.156947612762451,42.27584838867188
9,3,1374,1.0171016454696655,AL,3.522915840148926,6.734556674957275,5.045884609222412,2.966898202896118,15.92591667175293
7,3,2742,5.6524271965026855,V1,4.014075756072998,11.815961837768556,11.61259651184082,4.059085845947266,21.33923721313477
4,7,1020,2.4167284965515137,LM,1.3259190320968628,16.421720504760742,10.857547760009766,6.335938453674316,150.53392028808594
7,5,7897,1.086785912513733,RL,2.282184600830078,0.814440906047821,2.967323064804077,2.2131526470184326,2.833209753036499
7,5,5948,1.133197546005249,AL,2.583036422729492,2.146721839904785,3.7241134643554688,1.3606640100479126,2.078141689300537
9,4,7666,2.848450183868408,AL,18.06796836853028,2.314307451248169,9.755780220031738,12.54179573059082,19.179651260375977
6,2,7748,3.497587203979492,LM,1.3119243383407593,2.820554256439209,5.860724925994873,5.351443290710449,11.153876304626465
9,4,5114,1.6086286306381226,RL,3.932854652404785,6.166245937347412,7.613856792449951,6.373172283172607,39.60728073120117
5,6,1267,1.421582579612732,AL,9.230999946594238,4.256820201873779,4.947934150695801,2.173179864883423,10.23906135559082
6,4,4890,0.9747397899627686,LM,7.9579877853393555,4.324234485626221,11.974246978759766,2.112175941467285,8.703030586242676
7,5,4407,1.1313468217849731,AL,3.861299514770508,7.252827167510986,9.96084976196289,4.330733299255371,26.182939529418945
4,7,4502,4.075933933258057,V1,24.77454376220703,6.656792163848877,11.103845596313477,21.594667434692383,50.67177581787109
6,2,136,6.949703216552734,V1,2.8567886352539062,8.842851638793945,3.8760745525360094,6.709569931030273,10.96413230895996
6,6,4070,0.9680762887001038,RL,3.1568472385406494,1.0540682077407837,2.6068994998931885,2.817986965179444,3.1700527667999268
7,3,3002,7.762409687042236,V1,3.401453971862793,33.192317962646484,19.779186248779297,6.509713649749756,25.78438377380371
7,5,948,0.167551040649414,LM,1.258842945098877,0.2816968262195587,3.013467311859131,1.9432373046875,4.176781177520752
6,7,7761,0.3741326034069061,AL,1.4956132173538208,0.892340898513794,2.3162076473236084,3.4886937141418457,17.919681549072266
6,4,4677,1.2425799369812012,AL,2.839197397232056,1.7570797204971311,2.8097074031829834,5.925595760345459,7.879233837127685
6,2,4807,0.3819911777973175,RL,9.249614715576172,0.9443246722221376,5.340411186218262,2.87762451171875,12.194416046142578
4,7,7357,1.804235458374024,AL,8.343365669250488,2.9642210006713867,5.174202919006348,1.960008978843689,13.867562294006348
5,6,7648,3.3303892612457275,V1,1.859796643257141,5.3398613929748535,11.108986854553224,4.676286697387695,12.510083198547363
7,5,2401,0.9795992970466614,LM,2.4773123264312744,2.5642082691192627,4.299654960632324,1.4274570941925049,6.936337947845459
9,6,4956,3.600061655044556,RL,3.053185224533081,7.851733207702637,13.893472671508787,2.4681150913238525,17.360546112060547
4,7,6690,0.7598206996917725,LM,19.85249710083008,1.3377686738967896,11.540472030639648,5.460683345794678,4.873977184295654
9,4,68,2.551286458969116,LM,2.8325958251953125,4.899421215057373,5.9076080322265625,2.4422318935394287,11.412786483764648
7,3,4356,2.824390172958374,V1,14.067578315734863,29.39606285095215,24.139488220214844,1.1778594255447388,44.93195724487305
6,7,4272,0.6751985549926758,LM,1.5895119905471802,3.886494636535645,19.860013961791992,4.200321674346924,13.69877815246582
9,6,1350,1.0204819440841677,RL,5.110589981079102,1.62946355342865,5.570885181427002,6.592885494232178,16.742841720581055
5,7,3738,2.1741719245910645,AL,6.985710620880127,7.407560348510742,5.39138650894165,18.682313919067383,28.663265228271484
7,3,7889,0.8614426851272583,AL,1.9864425659179688,1.7760363817214966,5.851920127868652,1.6630477905273438,11.16580867767334
6,2,7636,0.9247502088546752,LM,5.735215663909912,6.422849178314209,7.838222026824951,8.700623512268066,56.82667922973633
7,3,6367,11.09709644317627,V1,8.58630657196045,15.19595432281494,4.94398832321167,3.858295202255249,11.566747665405272
6,6,4231,0.5820537209510803,V1,1.0003961324691772,4.340933322906494,18.105335235595703,0.5070420503616333,71.40557098388672
9,6,592,0.4839619398117065,V1,2.132351875305176,5.521628856658936,6.2382330894470215,0.4747122526168823,23.88485717773437
9,4,7609,4.583064079284668,V1,3.365365982055664,8.524187088012695,5.640306949615479,2.484773874282837,12.681269645690918
7,5,8102,2.75813627243042,V1,2.222945213317871,1.45124614238739,7.272516250610352,2.878549814224243,10.460793495178224
8,5,6400,4.849051475524902,V1,8.272809982299805,44.97795486450195,9.071807861328123,0.5187925696372986,46.12354278564453
6,4,7719,0.874308168888092,AL,5.551234245300293,2.0940258502960205,5.759327411651611,3.1248767375946045,4.247714042663574
5,7,1224,0.7888122200965881,AL,2.6098952293396,2.7906301021575928,4.2486958503723145,1.5412886142730713,22.14371109008789
7,5,2106,1.2614192962646484,RL,5.375330924987793,2.0004849433898926,10.122340202331545,6.588893413543701,1.4786595106124878
4,7,2496,3.960331439971924,V1,4.289510726928711,3.532829999923706,7.437458992004394,5.796167850494385,7.973692893981934
7,5,5902,0.8403735756874084,LM,5.389410495758057,8.2376070022583,5.07283878326416,3.1212048530578613,16.5435848236084
9,6,4632,2.124537229537964,RL,4.584712982177734,4.489687919616699,6.517205715179443,6.421452045440674,15.327576637268066
9,3,6832,5.02207612991333,RL,2.6688671112060547,7.348065853118896,3.593945980072021,7.346738338470459,21.40282249450684
5,7,2497,1.9944097995758057,LM,1.7627910375595093,6.3371171951293945,18.20082092285156,2.358668804168701,24.722795486450195
6,7,1052,0.471262663602829,V1,2.9325549602508545,2.0965592861175537,11.545894622802734,1.5984156131744385,14.98745822906494
6,6,7140,0.7087002396583557,LM,4.119900703430176,0.8303592205047607,6.987442493438721,15.123699188232422,31.07693862915039
5,7,3803,0.904375433921814,AL,7.589840888977051,5.4491286277771,19.542436599731445,4.45147705078125,39.13384628295898
8,5,2701,1.014091730117798,AL,4.940782070159912,1.420459270477295,4.05720329284668,6.315393447875977,31.446393966674805
9,3,4066,1.7997125387191772,AL,2.8360657691955566,5.076385021209717,14.41390895843506,39.73910140991211,141.34475708007812
6,6,4419,10.298165321350098,RL,1.465306282043457,35.63325500488281,2.9161171913146973,5.728007793426514,109.10525512695312
6,7,2839,2.7952702045440674,AL,3.1603493690490723,5.705625534057617,9.035728454589844,2.364906549453736,17.81057357788086
5,6,2243,1.5079647302627563,AL,4.319109916687012,2.2385129928588867,15.10665798187256,27.141769409179688,59.6444091796875
5,7,8060,0.6011874675750732,RL,1.7790237665176392,3.8021938800811768,7.661431312561035,1.1459391117095947,12.1126070022583
9,4,6706,4.040809154510498,LM,5.457133293151856,13.51232624053955,7.303600311279297,3.756404876708984,9.912729263305664
7,5,1611,2.8225338459014893,V1,9.756909370422363,16.129714965820312,6.975113391876221,5.954651355743408,46.98420333862305
5,6,5051,0.4433053433895111,AL,4.537514686584473,2.164934635162353,8.850508689880371,1.4273395538330078,7.238090515136719
6,2,7546,1.9076495170593264,LM,2.642940282821656,4.833479404449463,5.797939300537109,1.4332619905471802,11.220909118652344
9,3,3749,2.1339056491851807,V1,2.9059503078460693,23.041522979736328,9.466222763061523,0.9399126768112184,48.66338348388672
7,5,5431,0.6784681677818298,LM,3.764273166656494,4.450157642364502,11.656164169311523,0.7767233848571777,7.31038236618042
7,3,1498,2.877614736557007,RL,5.861362457275391,4.823938369750977,9.83499240875244,0.4080778360366821,15.32934856414795
4,7,3382,0.5339331030845642,AL,5.345486640930176,2.049654245376587,3.6913459300994873,1.8343563079833984,8.758293151855469
7,5,2393,2.199897766113281,LM,3.429203987121582,5.358514785766602,8.10202407836914,8.64281940460205,12.035574913024902
9,3,4712,4.121838092803955,V1,2.128882884979248,44.777374267578125,30.140457153320312,1.9871821403503416,46.61261749267578
6,2,3773,4.360894680023193,RL,5.690759181976318,9.122481346130373,12.20584487915039,22.982240676879883,127.42090606689452
5,6,3627,0.5403888821601868,LM,4.455350875854492,0.503324568271637,9.238202095031738,4.407712936401367,34.719852447509766
6,6,3432,1.6006232500076294,RL,5.091241359710693,3.6387555599212646,6.823142528533936,6.189749717712402,23.11739921569824
9,3,7921,3.3841824531555176,AL,1.969631910324097,10.018616676330566,7.422450065612793,3.219798803329468,18.763261795043945
4,7,3529,0.6469408869743347,LM,2.37662124633789,2.302497148513794,20.867185592651367,5.175839900970459,42.37826156616211
6,6,7548,4.557740211486816,LM,3.880324125289917,6.484707832336426,11.745610237121582,4.86472749710083,9.907243728637695
6,7,4386,2.673187255859375,LM,1.5461653470993042,5.8683061599731445,6.304720878601074,3.0905182361602783,15.869441032409668
7,5,6577,0.1329585611820221,AL,2.6667776107788086,2.61934232711792,5.296398162841797,1.441050410270691,5.865069389343262
6,7,2929,2.0829403400421143,AL,4.792518138885498,6.073192119598389,8.877198219299316,8.375899314880371,12.023211479187012
6,2,6055,1.0933204889297483,AL,0.997361421585083,3.3558948040008545,5.383669853210449,31.02871322631836,58.058372497558594
7,5,6644,0.9051635265350342,RL,4.611027240753174,1.459040880203247,16.61568260192871,2.787302732467652,18.011516571044922
7,3,7625,2.9657108783721924,LM,1.5602298974990845,4.0075459480285645,2.3557021617889404,3.320507049560547,11.419130325317385
4,7,2261,6.746315002441406,AL,114.49752807617188,6.162478446960449,12.265140533447266,192.6396484375,127.54249572753906
4,7,4722,16.333267211914062,LM,3.420083522796631,129.06619262695312,12.774550437927246,5.770796775817871,105.21915435791016
6,4,3610,0.6415135860443115,RL,3.817137718200684,1.0926357507705688,4.186689853668213,2.8060498237609863,10.385435104370115
6,4,2147,1.0180230140686035,LM,3.0100369453430176,2.5298259258270264,6.117784023284912,6.877921104431152,13.44278621673584
7,3,2265,2.1577038764953613,V1,1.7371805906295776,13.271641731262209,27.80425262451172,0.7475317716598511,11.076129913330078
5,6,6170,2.7377238273620605,AL,7.795211315155029,3.40399169921875,19.84589195251465,0.3766097128391266,4.480600357055664
6,2,8085,7.033634662628174,RL,2.361123561859131,28.588258743286133,9.02398681640625,5.150061130523682,73.60960388183594
6,2,5202,5.549447059631348,V1,19.925870895385746,8.345108985900879,18.50387382507324,3.804436922073364,36.7557258605957
5,7,6379,2.0761401653289795,RL,3.706799030303955,2.5105419158935547,2.26346206665039,4.292125225067139,3.996358633041382
9,4,5135,1.336283802986145,AL,2.69015908241272,2.5839548110961914,3.0023446083068848,2.79160213470459,4.38295316696167
6,7,6648,0.6369755268096924,LM,6.1165056228637695,1.706029176712036,4.045897006988525,1.2083827257156372,4.691111564636231
5,6,5048,1.6656430959701538,AL,12.963488578796388,3.099948167800904,6.131259918212891,15.10567855834961,14.018619537353516
9,4,2459,1.3087964057922363,RL,5.642256259918213,1.8445147275924685,2.577620506286621,3.667766571044922,3.7779459953308105
9,3,6704,3.21282958984375,AL,8.424712181091309,18.507652282714844,15.340795516967772,1.8129571676254272,25.29025077819824
5,7,144,1.5912429094314575,LM,1.91681706905365,3.800461530685425,4.731703758239746,2.371025562286377,7.275840759277344
7,3,8262,1.0332739353179932,RL,3.6075241565704346,1.547294020652771,3.359982252120972,3.347640037536621,5.3966965675354
9,4,2968,3.2631421089172363,V1,2.10060715675354,19.08080291748047,13.018716812133787,1.749155044555664,22.36527442932129
5,7,1460,2.0694563388824463,V1,2.7951793670654297,9.0165376663208,10.955723762512209,4.320401668548584,34.53105926513672
6,2,177,11.279952049255373,V1,8.706207275390625,7.338032722473144,10.309412002563477,14.199663162231444,27.68407249450684
6,4,6799,19.87324333190918,RL,6.555602550506592,34.150108337402344,15.55242156982422,15.93775749206543,40.11404800415039
4,7,2591,15.68038558959961,V1,4.0762224197387695,34.365474700927734,30.78107452392578,3.7037160396575928,43.1874885559082
5,7,6661,2.053804636001587,AL,7.378311634063721,4.93779993057251,12.115765571594238,11.663322448730469,31.05790901184082
9,3,6021,1.3152817487716677,LM,19.11059761047364,1.3627729415893557,9.514564514160156,3.3620524406433105,10.101183891296388
6,2,3756,0.9906689524650574,RL,3.565612554550171,1.069401741027832,3.632265567779541,2.836143493652344,1.377644658088684
5,7,6081,0.7393946647644043,RL,11.730389595031738,1.318688988685608,23.6494197845459,12.819830894470217,17.06962013244629
8,5,2823,1.5296218395233154,LM,1.159825325012207,11.058094024658203,17.89464569091797,3.592283010482788,77.76995849609375
6,7,6523,1.529784917831421,RL,3.9595327377319336,1.785593867301941,3.3478567600250244,3.128267765045166,5.788707256317139
9,4,1769,7.284304618835449,V1,6.75455379486084,13.781490325927734,6.957024574279785,4.209461688995361,16.647634506225586
9,4,6580,2.1042516231536865,AL,5.751405239105225,2.9601387977600098,7.494763374328613,6.029434680938721,6.545798301696777
8,5,488,4.167171955108643,V1,4.777866363525391,52.53852462768555,28.35064697265625,3.2321815490722656,134.5569305419922
7,3,6723,0.3409575521945953,RL,3.559632062911988,0.4078177511692047,3.592083692550659,2.207000970840454,3.187445640563965
5,6,5087,1.221367359161377,AL,12.819143295288086,1.0473222732543943,11.579545974731444,3.466125011444092,4.177402019500732
6,2,3122,2.615875720977783,LM,4.246500015258789,7.61167049407959,7.512394905090332,6.294517517089844,13.107562065124512
5,6,4672,2.7907001972198486,AL,5.579306125640869,5.555041313171387,7.075922966003418,27.868173599243164,91.6741943359375
9,3,7967,1.3870354890823364,AL,3.104447364807129,2.430736303329468,4.185145854949951,2.4066853523254395,9.961000442504885
5,7,1102,1.857051968574524,LM,4.942978382110596,2.256198644638061,12.134503364562988,50.06062316894531,34.14895248413086
6,4,5178,0.1632741391658783,V1,4.510035514831543,7.637507438659668,12.193090438842772,4.717209815979004,44.2540283203125
7,3,8238,0.315065860748291,V1,3.996288776397705,1.3477064371109009,5.297873020172119,7.928035736083984,5.619223117828369
7,5,3470,0.338530570268631,LM,3.401840209960937,8.833793640136719,4.163552761077881,5.385489463806152,97.79364776611328
7,5,2142,2.0468900203704834,V1,4.543139934539795,10.874175071716309,7.354326248168945,2.416327476501465,28.694799423217773
6,7,2905,0.8949230909347534,AL,7.94715690612793,1.564342975616455,9.185386657714844,16.559112548828125,64.52706146240234
8,5,8254,1.9098552465438845,LM,5.145251274108887,4.791212558746338,7.575371265411377,1.8195617198944087,8.769633293151855
6,4,2217,8.113934516906738,LM,4.876335144042969,17.326974868774414,37.20771408081055,12.783305168151855,166.0660858154297
7,5,8175,0.3151266276836395,RL,3.360646247863769,1.338480830192566,6.884471416473389,1.499808669090271,6.659749031066895
6,2,2102,1.7586331367492676,AL,6.378913402557373,2.632568359375,12.509357452392578,7.453688621520996,10.443747520446776
4,7,2244,2.357909917831421,RL,2.755509376525879,2.7921664714813232,2.9379141330718994,2.528291940689087,2.838186502456665
5,7,1266,0.9139272570610046,AL,2.438315391540528,4.19201135635376,10.73525619506836,6.279356479644775,41.42165756225586
6,2,5026,13.81890106201172,LM,2.1297969818115234,46.95650863647461,24.232685089111328,19.54019546508789,293.89947509765625
7,5,3837,0.4604308903217315,RL,8.892581939697266,0.5992214679718018,6.149299144744873,3.9785656929016113,1.6466984748840332
6,4,6145,0.6784573197364807,RL,4.64054012298584,1.2545584440231323,3.968954086303711,5.112076759338379,8.383167266845703
4,7,2250,2.4387130737304688,AL,5.556581974029541,5.13511848449707,5.905669689178467,2.087071418762207,14.073086738586426
5,7,476,1.944884181022644,V1,2.5524702072143555,5.608123302459717,5.902535915374756,1.9436684846878047,8.759296417236328
5,6,4031,5.509802341461182,RL,3.856266260147095,7.832350254058838,5.901018142700195,2.187821388244629,20.076026916503903
7,5,7789,2.425016403198242,RL,6.237537384033203,3.564053535461426,4.51289701461792,9.779549598693848,14.142589569091797
7,5,2031,0.8234386444091797,AL,4.638112545013428,0.6010512709617615,5.40956974029541,21.075313568115234,22.991878509521484
7,5,3693,0.275894433259964,RL,2.7818331718444824,4.412103652954102,11.98960304260254,0.2251772582530975,9.80484104156494
5,7,2366,0.6821414232254028,AL,3.6174204349517822,1.583217740058899,5.041172981262207,8.962276458740234,15.637303352355955
6,6,644,3.88608455657959,LM,3.4575307369232178,5.042738437652588,4.352136135101318,2.78729248046875,5.581888675689697
8,5,6926,1.7409379482269287,V1,3.768993139266968,15.143265724182127,10.641998291015623,3.683392286300659,32.637657165527344
8,5,5234,4.524040222167969,V1,3.370967388153076,62.16960525512695,22.768590927124023,5.484799861907959,145.74964904785156
8,5,4180,1.460927963256836,AL,5.03587818145752,1.9635653495788568,5.471884727478027,1.7768675088882446,7.135195732116699
9,4,6685,3.531308889389038,RL,2.1006011962890625,7.337891101837158,6.943259716033936,13.770014762878418,20.08609962463379
6,6,6436,10.049400329589844,V1,3.1989850997924805,70.91809844970703,32.8596305847168,0.5450662970542908,112.72714233398438
5,6,3952,3.325435161590576,LM,6.720678329467773,4.196537017822266,5.453868389129639,9.340815544128418,26.8137149810791
8,5,8548,5.937339782714844,V1,8.022557258605957,11.809539794921877,8.847894668579102,0.4859063327312469,33.199440002441406
6,4,250,11.852025985717772,V1,3.932627677917481,22.08537101745605,20.9887752532959,2.9416089057922363,75.6517333984375
5,7,2965,2.522167205810547,V1,7.5255303382873535,10.456140518188477,13.5752592086792,0.4792272746562958,36.13780212402344
9,4,2627,2.4678471088409424,LM,3.161900043487549,2.678806066513061,3.086031913757324,3.783503293991089,2.8003554344177246
9,3,1309,0.7389561533927917,LM,4.69130277633667,1.453199863433838,4.986259937286377,3.8618643283844,9.654633522033691
6,2,657,0.6134046912193298,V1,10.758744239807127,10.466645240783691,12.78587532043457,0.3079903423786163,21.35497665405273
6,2,5647,6.245527267456055,V1,8.033740997314453,14.741096496582031,59.54042816162109,7.754713535308838,8.640101432800293
6,6,6718,1.9099258184432983,RL,2.994093418121338,4.698118686676025,6.370684623718262,8.174453735351562,10.09362506866455
9,4,914,2.630420446395874,V1,1.5942646265029907,7.066284656524658,7.977916240692139,1.6009578704833984,15.029425621032717
7,3,3895,1.5534662008285522,AL,1.83060622215271,2.718483686447144,2.0812020301818848,1.5972607135772705,5.637181758880615
6,4,4905,0.5253953337669373,LM,3.0256056785583496,1.7500897645950315,21.147476196289062,3.150681972503662,6.044577121734619
6,4,1539,3.834508895874024,V1,1.5227848291397097,4.959529876708984,8.456738471984863,5.273336887359619,23.207942962646484
5,7,1218,0.6721930503845215,AL,3.419409275054932,1.4439445734024048,4.567324638366699,0.6589040756225586,15.43108367919922
8,5,8310,1.9967886209487915,LM,2.0758216381073,1.2133339643478394,6.745683670043945,2.1095802783966064,4.60947847366333
9,3,4128,6.862007141113281,RL,4.171975612640381,17.045696258544922,8.656765937805176,4.70050048828125,35.00037384033203
7,3,3068,7.10725736618042,V1,5.847209930419922,16.157188415527344,15.09463596343994,6.132470607757568,15.11263370513916
5,7,2510,9.88015842437744,LM,9.089400291442873,13.408624649047852,8.006300926208496,12.577329635620115,57.59464263916016
9,6,1399,3.622923612594605,RL,3.3079259395599365,5.015182971954346,3.643482446670532,2.773912191390991,7.44976282119751
4,7,5784,0.1199620440602302,RL,5.002093315124512,1.4263763427734375,17.76469612121582,0.1353362202644348,88.03959655761719
7,3,245,2.0510263442993164,V1,1.4756771326065063,8.832219123840332,9.213364601135254,3.1299452781677246,60.78230667114258
6,6,1928,1.261613845825195,LM,4.129388332366943,3.360491991043091,8.201423645019531,2.9389641284942627,18.39164161682129
4,7,2252,0.6342065930366516,AL,4.58846378326416,1.349719524383545,5.786108493804932,13.38316249847412,29.94725608825684
8,5,1597,1.521304488182068,RL,5.333158493041992,11.183845520019531,9.742939949035645,3.6274707317352295,66.65572357177734
4,7,533,3.5377233028411865,RL,4.337432384490967,8.801606178283691,4.185110569000244,2.6143276691436768,10.228951454162598
7,3,6752,0.2288233935832977,AL,1.8273292779922483,0.6850404143333435,10.365309715270996,4.149026870727539,6.211442947387695
6,4,216,3.754873037338257,V1,1.930188775062561,4.753603458404541,4.468352794647217,2.6307568550109863,3.8463711738586426
9,4,756,0.839756429195404,V1,1.905173659324646,3.369705438613892,4.052558422088623,0.8490530848503113,4.957464218139648
5,6,6924,0.3196927607059479,RL,18.16558265686035,0.7136543989181519,20.71556663513184,11.328316688537598,28.817365646362305
6,2,6841,0.5656665563583374,AL,1.9410094022750848,0.9460756182670592,3.840120553970337,6.464367389678955,13.662392616271973
4,7,6399,0.3821864724159241,LM,2.9582433700561523,2.202078342437744,7.329991340637207,0.4056915044784546,15.27108383178711
6,2,4870,3.0104942321777344,RL,4.860272407531738,4.008826732635498,4.104412078857422,3.624204635620117,6.644350051879883
7,5,5970,2.654602527618408,AL,4.10094165802002,1.7150343656539917,9.467888832092283,2.6882846355438232,8.943476676940918
6,4,5978,1.4944835901260376,AL,7.004843711853027,2.824110507965088,5.905962944030762,6.413371562957764,8.634867668151855
5,7,3659,2.928227424621582,LM,1.757096767425537,8.310866355895996,10.678213119506836,5.56712007522583,18.091440200805664
6,4,6428,0.7131211161613464,V1,1.5305798053741455,6.959156036376953,5.304239273071289,5.335608005523682,95.41761779785156
6,4,7304,1.7200762033462524,LM,5.366950511932373,4.393594741821289,10.78430461883545,5.270346641540527,3.2655229568481445
5,6,6215,2.3912041187286377,LM,2.2648839950561523,5.444697856903076,11.019445419311523,6.432539939880371,16.41600799560547
6,6,6785,1.054316520690918,RL,3.4993720054626465,2.5843420028686523,19.2342586517334,5.119925022125244,16.920169830322266
8,5,5527,0.7251898050308228,LM,2.4726321697235107,2.9245193004608154,10.38889503479004,11.921547889709473,20.64188766479492
9,3,4156,7.382734298706055,RL,5.717438220977783,10.152990341186523,13.06839084625244,5.212601184844971,8.318951606750488
9,4,5168,2.2692811489105225,LM,1.6296194791793823,6.9941911697387695,9.372747421264648,1.0731570720672607,31.64970588684082
5,6,5734,4.979895114898682,V1,41.96809005737305,9.192486763000488,26.392831802368164,80.75541687011719,192.39100646972656
5,7,3657,2.446074962615967,LM,8.871889114379883,3.935137271881104,9.606316566467283,8.770191192626953,32.73503875732422
6,4,3311,1.5977880954742432,LM,7.187698841094971,4.089067459106445,10.117480278015137,7.526722431182861,97.23712921142578
6,6,7643,2.607661724090576,V1,1.919679284095764,4.665088653564453,6.487722396850586,1.5826852321624756,5.564468860626221
7,3,1496,1.7493325471878052,RL,3.6669399738311768,12.402949333190918,7.276314258575439,2.0111653804779053,27.281646728515625
7,5,108,1.5979753732681274,LM,14.605345726013184,1.695870876312256,31.241788864135746,9.552308082580566,10.614625930786133
9,6,5100,1.6071102619171145,AL,2.5439155101776123,2.0707688331604004,5.306509971618652,2.3393187522888184,2.747910737991333
6,7,2878,0.4666779935359955,AL,5.121511936187744,0.543215274810791,10.944589614868164,6.513979911804199,3.729390859603882
5,7,2314,5.795327186584473,V1,2.965959548950196,17.286970138549805,4.49161958694458,5.128042697906494,36.2585563659668
6,2,7400,1.2032374143600464,V1,6.134181976318359,15.42673683166504,12.589641571044922,17.178573608398438,140.6394500732422
6,2,2246,3.159402370452881,V1,4.977724075317383,7.639093399047852,8.655803680419922,5.887364387512207,12.073473930358888
8,5,8108,2.410363912582397,RL,2.980181932449341,2.7961580753326416,1.92059862613678,2.8276939392089844,3.9293980598449703
6,4,2278,2.763751745223999,LM,3.591628313064575,8.197306632995605,23.26830291748047,11.562604904174805,49.34947204589844
4,7,908,1.7321984767913818,LM,4.523678302764893,3.7685141563415527,11.86551284790039,5.0225372314453125,19.399688720703125
5,6,2191,1.0182969570159912,RL,3.390936374664306,0.4088122844696045,10.568151473999023,2.5332694053649902,5.110503196716309
7,5,7515,0.3469014763832092,V1,1.6684813499450684,0.472803384065628,12.253454208374023,1.888934850692749,5.548112869262695
6,6,5878,2.086455583572388,RL,11.913822174072266,2.49773383140564,10.983983993530272,7.72627067565918,31.7135066986084
8,5,1093,5.106361389160156,V1,1.2022136449813845,27.20531463623047,12.99244499206543,0.2376414686441421,119.58372497558594
5,6,4958,1.4434014558792114,AL,3.206192970275879,1.6350505352020264,2.8595879077911377,4.023421764373779,3.029541492462158
7,3,3926,0.3016913831233978,AL,1.5908215045928955,0.7840138077735901,12.679047584533691,1.1957882642745972,14.630709648132324
5,7,2990,8.519970893859863,V1,2.1884593963623047,15.48947525024414,7.272686004638672,4.802600383758545,78.50489807128906
6,2,7720,3.857098817825317,RL,4.921409130096436,23.85958671569824,3.89849066734314,13.858686447143556,64.06512451171875
6,7,6353,1.6122812032699585,AL,3.670067071914673,2.342156887054444,2.061203956604004,1.416321873664856,2.7416350841522217
6,7,2837,2.917819261550904,AL,2.7525033950805664,7.252682685852051,3.075063467025757,1.677303910255432,8.69393253326416
5,6,1949,1.1545751094818115,RL,31.716041564941406,1.015671968460083,13.188650131225586,14.970382690429688,60.99965286254883
6,6,4213,0.4103920757770538,RL,1.8914211988449097,0.5796309113502502,7.105806827545166,4.473003387451172,11.204367637634276
6,2,7298,0.2459636032581329,V1,1.949644565582276,1.719083309173584,9.357754707336426,0.1810391545295715,7.16717529296875
8,5,2775,0.9783797860145568,LM,4.063774585723877,4.844030857086182,13.734875679016112,6.058346271514893,32.74660110473633
9,4,4974,1.232563614845276,AL,5.9021100997924805,1.7572604417800903,4.912042140960693,2.307194232940674,8.576870918273926
4,7,1000,3.782979249954224,AL,6.441255569458008,5.374786376953125,4.774099826812744,7.827774047851562,21.717479705810547
5,6,41,1.8461761474609373,LM,6.948770523071289,6.052557468414307,3.932914733886719,2.156358480453491,10.05129337310791
5,6,1927,0.4576583802700043,RL,1.502361297607422,0.6177001595497131,3.878209590911865,2.4118075370788574,5.945305824279785
5,6,8267,0.3896615207195282,AL,19.16019058227539,2.6137189865112305,7.400667190551758,0.4814530909061432,11.215415000915527
6,4,5918,0.945729672908783,LM,2.0382821559906006,18.09708595275879,12.939675331115724,11.158082962036133,41.75824737548828
9,6,4406,2.3265280723571777,V1,4.105191707611084,6.316582202911377,18.287561416625977,5.750977039337158,18.66366577148437
9,4,4769,1.07696270942688,RL,4.444651126861572,1.0275732278823853,3.996803522109986,4.2412109375,3.430729389190674
7,3,2573,2.9391839504241943,LM,33.2234992980957,8.553060531616211,25.4893798828125,29.230941772460938,306.6274719238281
9,3,7726,1.949673771858216,RL,5.860464572906494,2.3758699893951416,5.7359819412231445,5.220803260803223,5.669484615325928
9,4,1386,0.9310852885246276,AL,3.5804708003997803,2.846755266189575,8.288911819458008,3.281824827194214,7.404201507568359
7,5,6052,6.056396961212158,AL,5.922247409820557,20.64585494995117,16.872447967529297,2.464905977249145,62.62206268310547
7,5,8096,2.117637157440185,RL,8.098847389221191,1.083707332611084,6.372799873352051,10.56247329711914,10.73922061920166
7,3,1352,0.5737839937210083,AL,3.639937400817871,4.074380397796631,8.223071098327637,7.918887615203857,71.8077163696289
5,7,3713,0.747859001159668,AL,1.755995273590088,7.429059982299805,6.4847731590271,2.0912423133850098,28.04364013671875
6,2,2086,3.180671215057373,V1,2.476904392242432,14.405487060546877,8.021029472351074,8.90054702758789,45.53173065185547
5,6,6172,0.2787028849124908,AL,3.296850204467773,1.3552792072296145,14.099740982055664,0.1868831068277359,3.141630887985229
4,7,4807,0.3848683834075928,AL,5.613017082214356,0.4629474580287933,10.6784086227417,3.164576292037964,6.69256591796875
7,3,1349,2.2941246032714844,AL,5.552894115447998,3.0740761756896973,3.502140998840332,5.366916179656982,8.31882381439209
5,7,192,2.756887674331665,V1,4.376399040222168,5.969761848449707,8.65068531036377,3.935737848281861,70.26846313476562
7,5,3343,0.2820302546024322,LM,1.77968430519104,2.031550407409668,9.46664047241211,3.309232473373413,13.804604530334473
9,4,5992,1.767732858657837,V1,1.8472464084625244,3.454348087310791,3.779666185379028,1.6627367734909058,10.570013046264648
6,2,3561,1.196390151977539,V1,1.4031327962875366,7.914284229278564,16.828475952148438,0.3928242325782776,14.984490394592283
5,6,8571,0.5216787457466125,AL,1.7706916332244873,0.9542901515960692,6.860744476318359,1.2274415493011477,8.928875923156738
7,5,6942,3.8174684047698975,LM,8.501765251159668,8.235776901245117,9.527968406677246,1.4171518087387085,35.987754821777344
6,7,1523,0.5842962861061096,LM,2.977370262145996,2.3065876960754395,4.197538375854492,0.6228878498077393,9.508679389953612
7,5,2365,0.9770776033401488,LM,15.027870178222656,2.5278000831604004,6.187694072723389,10.389177322387695,11.697265625
6,2,8076,0.8702293038368225,AL,2.5978493690490723,1.1951041221618652,2.840597152709961,0.7120707631111145,6.83730936050415
9,4,44,2.495224475860596,LM,2.281651973724365,5.373236656188965,7.510844230651855,4.0991411209106445,21.52865600585937
6,7,3036,1.5537749528884888,RL,9.98141098022461,5.041167736053467,10.245370864868164,1.1048698425292969,2.6282434463500977
5,6,6821,2.730828762054444,AL,7.449177265167236,4.685469150543213,4.152926445007324,1.4931122064590454,4.110263824462891
7,3,7022,1.242319941520691,LM,1.8754239082336424,1.193326711654663,3.333294153213501,1.380668878555298,1.6322907209396362
9,4,5115,2.134748697280884,LM,5.621319770812988,4.792490005493164,14.77832317352295,3.4421818256378174,5.041640281677246
6,2,1164,3.337233304977417,AL,2.928410530090332,6.64164924621582,10.931358337402344,24.16583251953125,33.648006439208984
7,3,3969,2.019576072692871,AL,1.1958729028701782,2.780879259109497,6.522288799285889,2.6139814853668213,12.201505661010742
7,5,4728,3.274601697921753,LM,4.236837863922119,16.468841552734375,9.541457176208496,2.813469886779785,24.08014678955078
7,3,64,3.6114754676818848,LM,10.61281967163086,9.183932304382324,27.03170394897461,8.332533836364746,25.192367553710938
9,4,6530,2.4212117195129395,LM,2.6253902912139893,11.039819717407228,9.27441120147705,2.051223039627075,11.072650909423828
6,7,6912,1.1230188608169556,V1,2.4183461666107178,1.154850959777832,4.677798748016357,1.5416662693023682,4.130819797515869
7,3,1310,1.626840353012085,AL,2.5564117431640625,3.2543931007385254,2.830161094665528,5.753298282623291,18.048141479492188
6,6,38,4.583333492279053,LM,12.105648040771484,7.02890157699585,8.619926452636719,12.001331329345703,40.47730255126953
8,5,9545,10.49581527709961,V1,3.1094913482666016,14.081374168395996,6.643552303314209,21.12349510192871,41.7119140625
6,2,2469,5.46420955657959,LM,2.781081438064575,10.420964241027832,20.165096282958984,5.707620143890381,10.25106430053711
6,6,2742,2.2603652477264404,V1,2.282599449157715,5.359814643859863,8.488017082214355,1.269573450088501,23.995574951171875
6,4,2146,18.430185317993164,LM,9.738224029541016,20.638347625732425,10.331759452819824,13.486525535583496,334.3081970214844
6,4,3545,1.4045482873916626,AL,3.6074817180633545,2.644108533859253,4.6107563972473145,7.83680534362793,40.91478729248047
6,6,4566,1.1585685014724731,LM,5.579980373382568,3.662339448928833,10.467371940612791,1.191309690475464,3.743337869644165
7,3,7853,1.4679027795791626,LM,3.078866958618164,1.1797380447387695,7.124027729034424,1.7563841342926023,6.516678810119629
5,7,4763,0.8518301844596863,RL,2.107959508895874,2.067002296447754,19.10313034057617,1.5812257528305054,13.202492713928224
6,7,5445,1.847725510597229,AL,1.2830696105957031,4.413951873779297,16.136333465576172,6.72186279296875,62.47244644165039
6,6,3315,0.919772446155548,AL,2.740072727203369,4.384526252746582,22.165372848510746,2.029129266738892,8.194207191467285
6,7,3626,1.0392801761627195,RL,4.271181106567383,1.7320857048034668,3.5325167179107666,6.951478004455566,10.970170974731444
6,2,2590,5.762868404388428,V1,3.856778860092163,11.21999168395996,6.436873912811279,3.4945409297943115,14.165067672729492
6,7,5480,2.8035595417022705,AL,2.8468542098999023,7.697566032409668,13.455305099487305,3.79036545753479,28.910531997680664
9,4,2688,1.1662248373031616,LM,1.5645054578781128,1.114226460456848,2.512254476547241,2.55454421043396,1.4903607368469238
6,6,4373,2.729247570037842,RL,2.032238721847534,19.352144241333008,9.009242057800291,2.2785143852233887,39.17626953125
5,6,7025,0.5475961565971375,LM,3.039107084274292,1.3197439908981323,3.873745203018189,5.014001369476318,6.140234470367432
6,6,1574,1.0541654825210571,AL,7.955865383148193,1.6236486434936523,9.915031433105469,9.047935485839844,31.72922134399414
8,5,9143,1.7232083082199097,LM,2.253283739089966,5.098229885101318,6.939481735229492,2.4405646324157715,14.44499969482422
6,6,6815,1.4889801740646362,LM,10.75430393218994,2.6974937915802,3.150280475616455,2.258023500442505,3.302011013031006
9,3,7824,2.4124786853790283,RL,3.177245855331421,4.949394702911377,3.817677974700928,5.2833757400512695,8.334461212158203
9,3,6270,9.060548782348633,V1,3.0881569385528564,11.487443923950195,5.5042243003845215,2.7118306159973145,12.083466529846191
7,5,5979,0.7562545537948608,AL,3.810656785964966,3.212430715560913,14.772663116455078,3.319345712661743,10.454633712768556
6,4,81,8.204506874084473,V1,2.737650156021118,16.798498153686523,6.012108325958252,7.328215599060059,35.27579879760742
4,7,7439,0.8146927952766418,AL,1.0368168354034424,1.4427461624145508,6.031552314758301,2.0066792964935303,9.26693344116211
5,6,122,0.5401615500450134,LM,8.682270050048828,1.84601366519928,9.047866821289062,8.000872611999512,1.4364680051803589
9,6,3865,0.965599775314331,RL,5.923409461975098,3.5490145683288574,9.209514617919922,1.130900502204895,6.290008544921875
8,5,7769,1.0248210430145264,RL,2.160015821456909,1.0986491441726685,9.09278964996338,47.58303451538086,47.26667022705078
6,2,1842,1.0045583248138428,RL,4.6497907638549805,2.1167588233947754,2.9349427223205566,7.630546569824219,9.43626594543457
9,3,4041,1.1588256359100342,AL,4.1247148513793945,3.338908672332764,5.062571048736572,2.255527973175049,13.2457857131958
9,3,94,3.3641579151153564,LM,3.726983070373535,11.686443328857422,6.824759483337402,3.637772083282471,24.31699562072754
6,2,4864,2.126596689224243,AL,8.958263397216797,5.935217380523682,13.642407417297363,3.476823091506958,33.13299560546875
9,4,6635,1.8307418823242188,RL,3.973114728927612,3.387679100036621,5.527109146118164,5.720456600189209,17.64565086364746
6,7,6948,1.869588017463684,V1,2.914549827575684,2.2537665367126465,8.712850570678711,12.95696258544922,20.327556610107425
5,6,5414,4.943195343017578,V1,3.957071304321289,8.594101905822754,9.68285846710205,3.927989006042481,10.401206016540527
6,7,3613,1.64329195022583,V1,1.8441511392593384,2.5449025630950928,24.18790054321289,2.8452699184417725,15.997394561767578
9,3,6323,0.4685814678668976,LM,2.0291433334350586,1.6180508136749268,5.027385711669922,1.6056286096572876,10.08286952972412
7,5,5544,2.3970980644226074,LM,0.949349284172058,5.7056660652160645,12.141399383544922,4.417532444000244,39.34943389892578
4,7,7053,1.1145015954971311,V1,2.9040191173553467,2.673677682876587,11.594133377075195,4.27944278717041,16.5041446685791
7,3,1431,3.112834453582764,RL,5.687265396118164,14.938854217529297,12.16908359527588,5.02081298828125,43.679500579833984
6,6,4028,1.7961519956588743,AL,3.857475519180298,2.284137487411499,6.052819728851318,8.112460136413574,22.525297164916992
9,6,3300,4.3409271240234375,V1,8.6155424118042,43.35240173339844,9.77820873260498,4.470697402954102,257.82965087890625
7,5,6031,5.711219787597656,AL,19.403217315673828,19.85028839111328,4.885646820068359,3.5923423767089844,21.592464447021484
4,7,2031,1.305859923362732,V1,2.727159023284912,7.43504524230957,6.223859786987305,1.3043301105499268,53.91375732421875
8,5,1551,1.308982014656067,RL,2.8756046295166016,1.085579514503479,3.901920795440674,3.4562323093414307,3.669453620910645
4,7,6719,2.2136001586914062,V1,3.140977382659912,3.523323774337769,4.21556282043457,6.120052337646484,10.950312614440918
9,4,7673,1.261389136314392,RL,2.258373737335205,2.1502156257629395,4.102470874786377,1.9752466678619385,9.679240226745604
6,7,6476,1.3793020248413086,AL,3.858302116394043,1.9324949979782104,5.277393817901611,8.069746971130371,21.56507110595703
4,7,6202,2.960244655609131,V1,2.251553535461426,3.904898881912232,2.7219064235687256,1.9238042831420896,8.38985538482666
5,7,4878,3.247028112411499,V1,4.963790416717529,4.681488990783691,6.236627101898193,3.710024833679199,6.824922561645508
5,7,4804,1.453792691230774,AL,11.443678855895996,3.2986273765563965,8.983601570129395,16.41297721862793,28.396806716918945
7,5,7524,4.401617527008057,LM,5.717536449432373,7.017526626586914,10.30133056640625,7.112817287445068,34.90401840209961
4,7,4855,10.235504150390623,AL,5.466251850128174,54.35540390014648,29.527973175048828,4.799149513244629,151.20594787597656
6,7,7235,2.430180549621582,LM,1.9827685356140137,5.301943302154541,3.11780309677124,4.089353084564209,15.689358711242676
5,7,4793,2.6190242767333984,V1,8.789645195007324,3.370992422103882,10.019816398620604,9.03840446472168,17.059206008911133
6,4,3583,0.4225286841392517,RL,8.7185640335083,0.8969581127166748,4.342158794403076,9.542534828186035,12.4591646194458
5,7,3770,2.215379238128662,AL,5.631311416625977,5.652948379516602,8.111615180969238,11.293112754821776,75.8922119140625
5,7,5906,2.911893844604492,V1,3.253514051437378,9.408235549926758,5.142034530639648,1.3443330526351929,14.668017387390137
6,4,8169,1.69679057598114,AL,4.061379432678223,4.940269470214844,2.2450404167175293,4.090576171875,12.216184616088867
8,5,6315,4.214956760406494,LM,8.091922760009766,6.14376163482666,16.186267852783203,6.366010665893555,16.245197296142578
5,6,2210,0.6199376583099365,RL,11.798736572265623,0.7898097038269043,5.714376449584961,6.894952297210693,14.396185874938965
5,6,1873,0.8423752188682556,AL,1.1776113510131836,1.1577792167663574,5.10274600982666,1.3098809719085691,4.963451862335205
7,3,1315,0.365826278924942,AL,2.755014657974243,0.7692553997039795,2.8288519382476807,5.218591213226318,8.670490264892578
5,7,4417,1.2681407928466797,AL,6.444905281066895,3.468151330947876,2.72944450378418,7.781951904296875,13.262194633483888
6,4,3945,9.159490585327148,V1,13.58607292175293,7.939487457275391,11.024188041687012,25.32683563232422,169.70370483398438
5,7,1295,0.3949652016162872,RL,1.8758985996246336,2.292263984680176,6.988316059112549,4.252533435821533,16.04593276977539
8,5,5628,1.3635457754135132,LM,4.013178825378418,9.964451789855955,86.63424682617188,3.0064151287078857,72.83814239501953
7,5,3652,2.2000272274017334,AL,4.317135810852051,10.208548545837402,5.152590274810791,2.412341594696045,13.562166213989258
7,5,4627,1.276912808418274,LM,1.851673483848572,3.828669786453247,45.24789047241211,4.9286789894104,22.632198333740234
8,5,3298,3.361447095870972,V1,13.159296989440918,6.586545467376709,8.623285293579102,6.529617786407471,42.35710906982422
6,7,7816,0.9399389624595642,RL,2.152092218399048,1.047191143035889,2.1366655826568604,1.4740525484085083,2.3630549907684326
6,7,3851,1.2516658306121826,RL,2.1689977645874023,2.61764931678772,1.5727581977844238,1.963796615600586,3.0172252655029297
9,6,1973,2.8307042121887207,RL,9.767840385437012,2.0945754051208496,4.528449535369873,13.134142875671388,9.549073219299316
6,2,1822,1.5429164171218872,RL,6.013574600219727,4.666601181030273,2.509905338287353,0.8594682216644287,13.880976676940918
9,3,1323,12.052413940429688,V1,5.225827693939209,44.73088455200195,43.86725997924805,3.246027708053589,114.96173858642578
9,3,5494,36.23927307128906,LM,10.393589973449709,133.2030487060547,21.905807495117188,3.61946964263916,92.83445739746094
6,6,4246,1.1283996105194092,AL,2.3741071224212646,1.5004010200500488,6.41232967376709,4.06829309463501,5.82008171081543
6,4,1716,1.0444575548171997,AL,14.75912857055664,3.3052215576171875,7.473401546478271,10.977018356323242,42.11601638793945
8,5,4319,0.6504157781600952,RL,5.090691089630127,1.5884045362472534,6.207830905914307,11.822311401367188,28.92900657653809
4,7,2739,1.0673002004623413,V1,4.320260524749756,5.085747241973877,3.4519758224487305,4.3417158126831055,35.980796813964844
6,7,7329,2.061163902282715,AL,1.818996548652649,4.33996057510376,2.032653570175171,2.874074697494507,6.446569442749023
7,5,1251,0.7777981162071228,LM,4.012861728668213,1.6456592082977295,2.194573163986206,2.6592671871185303,10.82921028137207
4,7,4253,4.659717082977295,LM,3.4700095653533936,13.78285789489746,6.519492149353027,4.965526580810547,19.76506233215332
5,6,5105,0.783739447593689,LM,2.932945251464844,4.423202991485596,8.344206809997559,0.7974430918693542,32.79277420043945
8,5,1498,1.6750739812850952,RL,8.994108200073242,1.680861234664917,4.232687473297119,7.405594825744629,3.7406234741210938
6,7,6604,2.408496618270874,LM,1.553187131881714,2.5154030323028564,5.7791008949279785,6.050948143005371,12.482832908630373
9,4,1432,3.0422732830047607,RL,6.502408504486084,4.289000034332275,15.169849395751951,3.8856680393218994,6.03289270401001
8,5,2786,3.319891929626465,LM,2.1140639781951904,11.850966453552246,8.886007308959961,5.033655166625977,54.41114807128906
6,2,609,1.653523564338684,V1,1.6109086275100708,14.798988342285156,16.271276473999023,0.4120795428752899,36.57660675048828
5,7,7726,1.8496164083480835,V1,2.873800039291382,2.368568181991577,2.440604448318481,2.527630567550659,5.435235500335693
6,2,3692,2.205829620361328,AL,21.94866943359375,17.52225685119629,6.657620906829834,21.32228279113769,43.92632675170898
4,7,1303,0.737926185131073,V1,3.430216073989868,35.16840362548828,17.854084014892578,1.4398174285888672,70.96337890625
4,7,2248,4.765569686889648,AL,5.610031127929688,17.679540634155273,8.602985382080078,11.164812088012695,81.69593811035156
9,6,1408,2.7325541973114014,LM,2.117294311523437,3.40979528427124,4.294085502624512,2.6422600746154785,3.9975357055664062
9,6,2182,1.2271147966384888,RL,6.051560878753662,1.64967143535614,12.862951278686523,5.525877475738525,9.45109748840332
5,6,1277,2.251275062561035,AL,3.6368255615234375,3.807899475097656,2.649335622787476,1.3930168151855469,5.829936504364014
7,5,5950,2.6119680404663086,AL,10.771258354187012,6.401610851287842,10.147071838378906,5.973208904266357,9.10020637512207
5,6,5210,3.398423910140991,LM,16.937837600708008,5.612674713134766,17.1362247467041,33.62015151977539,146.40785217285156
6,4,6693,2.658123016357422,V1,2.244792461395264,7.36711311340332,11.695171356201172,3.913226127624512,46.59003829956055
4,7,5558,1.724844455718994,AL,2.497894525527954,8.505992889404297,6.619562149047852,1.9440150260925293,16.29005241394043
7,3,5808,6.741373062133789,LM,4.24565315246582,15.152470588684082,21.9099178314209,7.269395351409912,19.493114471435547
7,5,2575,2.0091118812561035,V1,3.2330288887023926,2.284133195877075,4.498300552368164,3.193268299102783,4.413365364074707
6,4,4050,2.457902669906616,V1,3.5675623416900635,6.803319931030273,15.891088485717772,3.2125585079193115,10.05107879638672
7,5,7763,1.879925847053528,AL,7.082118988037109,1.250827431678772,15.344666481018066,3.277938842773437,10.68397045135498
8,5,2477,5.710886001586914,V1,2.776294946670532,17.57691192626953,27.491470336914062,7.187767028808594,31.396146774291992
7,3,2647,2.145454168319702,LM,5.8526129722595215,7.270920276641846,11.457568168640137,11.1940279006958,31.18150520324707
9,6,4524,0.8126078844070435,V1,19.215518951416016,15.099120140075684,23.599836349487305,2.0928876399993896,30.299400329589844
6,6,4875,22.15658569335937,V1,5.027191162109375,107.01333618164062,55.657562255859375,4.081977844238281,177.19503784179688
9,4,7284,4.288389682769775,RL,86.44493865966797,7.425530433654785,11.835855484008787,83.384033203125,480.0197448730469
6,4,3668,1.0109457969665527,RL,2.932366847991944,1.5825309753417969,4.3556742668151855,8.770699501037598,11.577559471130373
6,7,2389,3.409698486328125,LM,13.451745986938477,21.84285926818848,18.45508575439453,9.874112129211426,102.29719543457033
5,6,5080,2.474869966506958,AL,2.683241367340088,11.688411712646484,7.3183274269104,6.524913311004639,44.8203125
9,6,4017,1.3786077499389648,RL,4.784196376800537,2.885054349899292,3.779855251312256,2.3864564895629883,4.835763931274414
7,3,2553,1.0224677324295044,LM,5.121204376220703,2.927204370498657,4.3424248695373535,1.057837963104248,23.693532943725582
7,5,2627,2.4171900749206543,V1,2.2202939987182617,18.42831993103028,16.653352737426758,2.951751947402954,328.9632873535156
7,5,481,0.4740172922611236,V1,2.75435757637024,5.16014289855957,4.749903202056885,0.5631815195083618,5.467852592468262
5,7,4384,1.0690045356750488,RL,4.127180099487305,1.5187841653823853,6.376791477203369,2.421548128128052,11.705293655395508
6,6,5771,2.336014986038208,AL,5.3528032302856445,6.9365081787109375,23.31576156616211,2.152986764907837,23.30611228942871
6,4,4644,0.3770756423473358,RL,5.4897332191467285,0.966335654258728,9.23130989074707,6.061672687530518,52.51451110839844
6,7,45,3.5447492599487305,V1,2.583093881607056,2.5455143451690674,2.7355573177337646,2.5334880352020264,6.962075233459473
9,3,158,4.065613746643066,LM,2.095038414001465,7.229629039764404,7.024218559265137,5.175749778747559,15.44363021850586
5,7,6860,1.4590765237808228,LM,3.436124801635742,1.6512850522994995,3.94566011428833,2.251137971878052,4.444178581237793
5,7,448,35.35319137573242,V1,8.520090103149414,58.18594741821289,14.833222389221191,45.36697006225586,143.39111328125
8,5,8046,2.385133743286133,RL,3.652709245681762,8.087370872497559,7.96370792388916,3.367933988571167,30.12676239013672
9,3,6212,1.08624267578125,LM,2.174290657043457,8.877240180969238,9.85720920562744,3.626030445098877,38.996726989746094
6,6,4352,1.5867184400558472,AL,4.660600185394287,1.624741792678833,7.8656535148620605,22.36087417602539,24.47999382019043
5,6,7770,0.7656859159469604,LM,11.551229476928713,1.16747784614563,9.489618301391602,22.28629875183105,47.73891067504883
6,4,4732,1.4869908094406128,AL,4.436797618865967,1.97351336479187,2.550285816192627,2.70474624633789,5.520113468170166
6,2,1948,1.0967482328414917,RL,13.198590278625488,10.27731227874756,15.972071647644045,2.740360736846924,24.96006202697754
8,5,7162,0.3282515406608581,RL,3.8352997303009033,2.255258560180664,4.313892364501953,3.229344129562378,7.38494348526001
7,3,3679,2.855372905731201,V1,1.4524257183074951,7.0945000648498535,6.057796478271484,1.2482181787490845,6.588229656219482
7,5,8158,0.4780013859272003,AL,6.134833335876465,0.8651654720306396,4.147745609283447,0.2267021089792251,3.801547765731812
8,5,2879,1.0045807361602783,LM,3.4592702388763428,3.2239623069763184,2.937793016433716,11.09460163116455,39.96504974365234
5,6,7918,1.1660778522491455,AL,2.9387993812561035,1.4596182107925415,11.825220108032228,1.6220141649246216,4.832671642303467
5,6,56,0.3899206519126892,LM,3.286170244216919,0.3150906264781952,16.400400161743164,1.3308029174804688,2.3363242149353027
7,5,39,2.371488809585572,LM,4.345669746398926,2.854464769363404,3.798520565032959,4.958812236785889,7.294219970703125
6,6,3278,1.2140940427780151,AL,3.704058885574341,1.187586784362793,2.7871410846710205,5.116518020629883,4.06028938293457
6,4,2168,1.8972032070159912,LM,1.9221447706222528,14.786787033081056,12.732714653015137,6.15262508392334,51.80934524536133
7,3,1044,1.1269677877426147,V1,3.142890930175781,8.099413871765137,33.60661315917969,1.0917456150054932,40.11695098876953
9,4,7852,8.083114624023438,AL,3.109707355499268,16.349294662475586,15.918320655822754,21.925905227661133,45.67105484008789
5,7,2221,6.982038974761963,RL,5.3076605796813965,14.096230506896973,2.927600145339966,6.35064697265625,37.61971282958984
7,3,6126,1.404500126838684,LM,2.5353798866271973,5.229050159454346,4.650373935699463,4.063647270202637,28.06344413757324
7,3,7025,1.269085168838501,LM,3.251762628555298,5.04218053817749,2.8380072116851807,3.3603222370147705,8.218905448913574
9,3,6717,1.0257704257965088,RL,4.443908214569092,1.2413753271102903,2.534438133239746,1.7744429111480713,3.467242956161499
6,7,7843,0.6892372965812683,RL,3.2262868881225586,0.7848150134086609,2.8616433143615723,2.487780809402466,2.690662145614624
9,4,2919,5.3824896812438965,V1,4.182519435882568,21.061452865600582,8.25866413116455,2.69094181060791,14.306766510009766
6,4,4211,8.662962913513184,V1,0.8992966413497925,45.25090408325195,38.7592658996582,1.119998812675476,71.97583770751953
4,7,6559,2.810547113418579,LM,2.2169203758239746,2.3643293380737305,16.276473999023438,20.311473846435547,65.97927856445312
9,6,2670,5.695507526397705,LM,2.939594984054565,9.591645240783691,8.85604190826416,4.210599422454834,19.959794998168945
7,5,1096,3.450756072998047,V1,7.998151779174805,28.636737823486328,19.36372375488281,5.214715480804443,104.61725616455078
6,4,764,5.230917930603027,V1,5.657473564147949,52.08732986450195,20.941085815429688,8.5320463180542,108.01154327392578
8,5,811,2.544864654541016,V1,2.387509346008301,5.826931953430176,15.220232009887695,0.9886417388916016,18.570676803588867
7,5,2083,1.9515419006347656,AL,3.031026601791382,7.1998209953308105,6.447655200958252,2.023285388946533,18.14339637756348
9,4,4696,2.725437879562378,RL,4.737277507781982,3.418051481246948,4.899227142333984,4.5941033363342285,8.233810424804688
8,5,4192,1.7605154514312744,AL,4.48778772354126,9.890185356140137,17.81171417236328,1.5811998844146729,15.214290618896484
4,7,3571,1.4210946559906006,LM,2.3108396530151367,2.049527645111084,10.58571434020996,5.0210394859313965,22.58321189880371
6,2,4302,5.867923259735107,V1,4.110995292663574,10.743633270263672,5.467510223388672,0.9232876896858216,14.607924461364746
4,7,2273,0.3699380159378052,AL,5.63404655456543,0.868882954120636,2.712892532348633,17.156810760498047,16.998254776000977
7,5,7413,0.6219436526298523,LM,3.083742618560791,0.8488057851791382,7.185011386871338,2.033602237701416,1.195891499519348
5,7,1451,2.0359911918640137,RL,4.021554470062256,6.814211368560791,4.7684173583984375,18.159181594848636,34.20606231689453
9,3,6171,3.6303744316101074,V1,2.05269193649292,57.887821197509766,21.17005157470703,1.012457013130188,80.47054290771484
5,6,8448,1.401224970817566,AL,9.633515357971191,2.564862966537476,3.801243305206299,9.88804531097412,14.494478225708008
6,6,2329,0.8946841359138489,V1,3.279428720474243,4.253229141235352,18.83795738220215,1.0293200016021729,3.362271308898926
6,4,2684,0.4890860021114349,V1,3.0505731105804443,13.1157808303833,19.13235282897949,0.4872093498706817,87.38916778564453
6,2,1888,0.6119338274002075,RL,2.654751777648926,1.343228816986084,4.405918121337891,1.032235622406006,1.873690128326416
9,6,599,3.441103219985962,V1,5.233188629150391,5.497142314910889,14.133042335510254,4.554821014404297,30.090744018554688
6,2,3181,5.405908107757568,V1,4.255608081817627,7.352286338806152,25.17363739013672,23.89849090576172,18.120603561401367
4,7,4882,1.932607054710388,AL,2.357839345932007,3.140873432159424,13.920429229736328,1.961362600326538,19.238842010498047
7,3,51,1.003644347190857,LM,4.750345706939697,3.672409296035767,3.1116769313812256,0.8494750261306763,7.89652156829834
8,5,6670,6.059360027313232,V1,3.254560947418213,34.36589431762695,37.054595947265625,1.849546194076538,26.946922302246094
6,7,2212,2.06238865852356,LM,1.6310627460479736,3.2818050384521484,3.48488712310791,2.739774465560913,5.252738952636719
8,5,6986,1.9545137882232664,AL,2.2557358741760254,9.90888500213623,15.684101104736328,5.085980415344238,42.99110794067383
6,4,2023,2.391318798065185,AL,2.667757272720337,4.828546047210693,2.682612419128418,10.080431938171388,16.83025550842285
4,7,4790,0.6886667013168335,AL,5.459073066711426,0.9410894513130188,5.343094348907471,5.440588474273682,13.08864974975586
6,2,249,75.66434478759766,V1,17.803529739379883,45.23828506469727,15.3373441696167,32.88058090209961,191.0157012939453
9,4,3855,1.386739730834961,LM,2.520232677459717,4.417761325836182,5.406408786773682,3.0094594955444336,14.520524978637695
6,6,7442,0.9443024396896362,LM,2.9342563152313232,1.5742459297180176,3.683597326278688,2.42879056930542,4.18813943862915
6,2,3795,16.013547897338867,RL,10.050134658813477,33.02039337158203,9.411815643310549,29.6614933013916,79.75946044921875
6,6,5785,2.4025325775146484,AL,1.9463317394256592,5.401975154876709,21.034080505371094,6.057125568389893,74.53890228271484
7,5,4650,0.4578631222248077,LM,4.402650356292725,4.190056324005127,12.88607406616211,0.4757433235645294,22.95571517944336
9,3,5442,1.2378499507904053,LM,3.1102960109710693,1.785513401031494,4.751302242279053,2.8180058002471924,7.07765531539917
6,2,7683,0.6605901122093201,AL,11.658539772033691,2.1818764209747314,5.999553680419922,6.171105861663818,15.518449783325195
9,3,5351,0.8084109425544739,LM,2.886584520339966,1.6556363105773926,3.48914122581482,1.9239307641983032,11.47092056274414
5,6,7895,0.6941244602203369,AL,3.875308036804199,3.1686935424804688,5.341294765472412,0.6987131834030151,8.113369941711426
7,5,1542,1.819347023963928,RL,6.222405433654785,5.283379554748535,12.322480201721191,13.655597686767578,41.76563262939453
6,7,4039,5.291640281677246,V1,2.9880566596984863,6.813010215759277,12.222245216369627,8.619351387023926,37.04214859008789
6,6,7490,0.9500288367271424,AL,6.1052751541137695,1.840333104133606,5.393145561218262,7.402248859405518,6.968865394592285
4,7,5505,2.403798818588257,AL,13.407264709472656,2.8457343578338623,4.0823259353637695,6.407151222229004,15.469213485717772
6,6,7318,0.1241073980927467,LM,3.075874328613281,0.2469458729028701,6.034909725189209,4.885217666625977,17.377254486083984
7,5,6856,1.7088582515716553,LM,1.1153175830841064,3.318471908569336,4.394298553466797,2.686624765396118,12.341336250305176
6,6,4313,1.976622223854065,RL,3.075281381607056,1.9272748231887813,18.8742733001709,19.81112098693848,54.81044769287109
6,7,6049,0.8042281866073608,AL,1.7544963359832764,1.7327351570129397,17.105764389038086,10.462014198303224,15.78213596343994
5,6,4524,2.145779609680176,AL,6.633625507354736,4.476752281188965,5.0613203048706055,10.430240631103516,13.685304641723633
6,2,4798,3.426871061325073,RL,8.069210052490234,4.983606815338135,7.706489086151123,7.158594608306885,7.669405460357666
5,7,2619,11.285855293273926,V1,1.829716682434082,16.426170349121094,9.768987655639648,3.603960514068604,25.33739280700684
9,3,4856,0.8420802354812622,AL,1.5740501880645752,0.9238580465316772,12.485939025878906,1.941649794578552,4.555548667907715
6,4,7741,0.54668790102005,RL,3.1203484535217285,4.138847351074219,8.408448219299316,2.5331594944000244,11.148110389709473
6,6,7514,0.5921074151992798,RL,4.971880912780762,2.8000805377960205,6.070838451385498,3.987350463867188,12.47126293182373
7,5,6104,1.0671557188034058,RL,1.2094643115997314,5.786981582641602,11.041097640991213,0.7018230557441711,10.871305465698242
9,4,5198,1.3154711723327637,LM,3.252528667449951,1.3657865524291992,3.734679937362671,3.182466983795166,2.398030996322632
6,6,6466,0.8099538087844849,RL,6.8224263191223145,2.63973331451416,8.577851295471191,5.766982078552246,21.504863739013672
7,3,8269,9.326677322387695,V1,7.30074405670166,19.17692947387696,15.278359413146973,14.618596076965332,36.12714767456055
6,4,1973,4.643671035766602,AL,6.376714706420898,10.098255157470703,9.284756660461426,5.184880256652832,70.6768569946289
9,4,40,0.5993231534957886,LM,16.133747100830078,4.792253017425537,21.25812530517578,9.62452220916748,25.16779518127441
7,3,3226,48.68399810791016,V1,4.57951545715332,136.3349151611328,35.30436706542969,9.970396995544434,157.42738342285156
7,5,3711,2.760162591934204,RL,3.910168409347534,6.625781059265137,4.485099315643311,13.427210807800291,56.75025177001953
4,7,1837,9.301222801208496,LM,11.810883522033691,10.233049392700195,6.734998226165772,13.821263313293455,26.242136001586918
5,6,5742,1.0292717218399048,V1,12.397756576538086,1.4618141651153564,7.186460018157959,6.084066867828369,5.175273895263672
9,4,4928,0.5033758878707886,RL,3.612731695175171,1.3889766931533811,3.4426980018615723,2.8938305377960205,7.351246833801269
7,5,6874,7.280195713043213,LM,1.866310715675354,36.81502532958984,14.482508659362791,3.828078269958496,60.76601028442383
6,2,1206,8.264618873596191,AL,15.720312118530272,8.458137512207031,12.538189888000488,5.675971031188965,14.079853057861328
6,4,6822,2.5446298122406006,AL,5.312297821044922,7.753212928771973,10.838142395019531,6.109126567840576,17.013896942138672
6,7,659,3.53753924369812,V1,2.142437219619751,6.033904552459717,4.481023788452148,7.06872034072876,22.68528938293457
9,4,2349,0.3284752070903778,RL,1.472972393035889,1.352436065673828,1.613796949386597,1.095898151397705,2.346300840377808
6,2,1891,1.351528882980347,AL,3.2841291427612305,2.2909064292907715,7.849200248718262,5.288201808929443,24.65225982666016
4,7,2255,1.8299572467803955,AL,4.165444374084473,8.824110984802246,7.350448131561279,4.719270706176758,19.51278305053711
4,7,494,2.248034238815308,V1,3.265709638595581,7.230207920074463,16.938690185546875,11.117941856384276,48.93562316894531
6,2,2007,2.8488051891326904,AL,2.946084260940552,5.073661804199219,4.872812747955322,2.8498775959014893,9.36819076538086
5,6,888,22.04442405700684,V1,7.679460525512695,14.559029579162598,13.403364181518556,14.35458755493164,31.95524024963379
7,5,7991,0.4428093731403351,AL,0.7850730419158936,1.630009651184082,4.530016899108887,0.2972124516963959,1.4877419471740725
5,6,1535,1.266399383544922,RL,4.384363174438477,2.0624539852142334,2.2900102138519287,3.351826906204224,7.246409893035889
7,5,7340,3.941173553466797,V1,2.221699953079224,8.516461372375488,6.037186145782471,0.5649604201316833,15.575270652770996
4,7,7199,2.533419370651245,RL,20.78732109069824,3.9190173149108887,9.335973739624023,21.38092041015625,26.655981063842773
8,5,7243,2.2378084659576416,RL,12.098499298095703,8.12760066986084,10.544914245605469,2.161174058914185,11.33733367919922
6,4,1174,1.0618456602096558,RL,3.526625633239746,0.9258832335472108,3.749720096588135,2.8870365619659424,3.1102545261383057
9,3,5242,10.49478530883789,AL,4.119821071624756,24.36372756958008,16.81226921081543,4.419282913208008,51.86637496948242
6,4,4289,0.6744144558906555,V1,0.3489860296249389,1.6968626976013184,5.560269355773926,2.463459014892578,150.9398651123047
4,7,3613,12.888398170471191,LM,3.5597851276397705,79.83121490478516,20.53908920288086,3.066312789916992,166.08070373535156
5,6,1323,0.274464339017868,AL,6.299063205718994,1.2355974912643433,9.700664520263672,0.5871615409851074,11.457477569580078
6,6,1462,3.490030527114868,AL,5.60122537612915,4.00792121887207,11.045360565185549,15.624106407165527,37.61466217041016
9,6,29,1.458315372467041,LM,5.797801017761231,3.776957035064697,7.748969554901123,0.7399720549583435,9.799394607543944
6,2,3763,3.60369610786438,AL,4.983476638793945,7.975192070007324,6.907939434051514,6.4363532066345215,19.2197322845459
6,6,481,9.811785697937012,V1,9.85533046722412,23.73505401611328,17.01045036315918,55.61206817626953,173.95152282714844
7,3,5115,1.1686590909957886,LM,4.677760124206543,2.640052795410156,7.124294281005859,1.8971078395843504,8.3564453125
6,4,8011,2.217358589172364,V1,1.9392571449279783,3.366040706634521,4.791862487792969,2.400569438934326,6.913607120513916
